date,stock_id,Trading_Volume,Trading_money,open,max,min,close,spread,Trading_turnover,obos_main,Dealer_Hedging,Dealer_self,Foreign_Investor,Investment_Trust
2021-07-01,1477,2255867,612986938,275.0,278.5,267.0,269.5,-4.5,2139,2245438.0,6000.0,-6000.0,439840.0,212000.0
2021-07-02,1477,1954323,525104168,272.0,275.0,265.0,266.0,-3.5,1603,1797955.0,14000.0,49900.0,76099.0,7000.0
2021-07-05,1477,3329024,869293586,263.5,266.0,255.0,264.5,-1.5,3104,2858027.0,33000.0,-38389.0,-1194211.0,588000.0
2021-07-06,1477,1713254,444361571,264.5,265.5,257.0,257.0,-7.5,1864,1431597.0,13000.0,-57641.0,-592028.0,-39000.0
2021-07-07,1477,3213908,809579831,255.0,256.5,248.0,254.5,-2.5,2875,2864418.0,1000.0,-126585.0,92067.0,-734000.0
2021-07-08,1477,3015757,750215661,254.5,254.5,246.0,250.0,-4.5,2806,3009327.0,-12000.0,-154110.0,478474.0,-701302.0
2021-07-09,1477,1685535,415339058,247.0,250.5,245.0,247.0,-3.0,1617,2004683.0,18000.0,-82176.0,529501.0,-570000.0
2021-07-12,1477,1148497,282354777,248.5,250.5,244.0,245.5,-1.5,1165,1283505.0,-7000.0,1514.0,-323698.0,-65000.0
2021-07-13,1477,2083944,502771102,246.5,246.5,239.0,241.0,-4.5,2011,2043830.0,-20000.0,-46136.0,-559555.0,-448000.0
2021-07-14,1477,1362032,326663338,240.0,244.0,236.0,242.0,1.0,1190,1378797.0,6000.0,-88010.0,-389466.0,-9000.0
2021-07-15,1477,1405459,345300019,245.5,247.0,244.0,245.5,3.5,1275,1722893.0,32000.0,34106.0,-709362.0,-94000.0
2021-07-16,1477,1444928,353933761,244.0,247.0,242.5,247.0,1.5,1266,1813122.0,3000.0,-2542.0,-90899.0,-256890.0
2021-07-19,1477,1892678,456545047,245.0,245.0,238.5,243.0,-4.0,1526,1892908.0,-20000.0,-6792.0,-467371.0,-142000.0
2021-07-20,1477,2907672,689082906,238.5,240.5,235.0,236.0,-7.0,2116,3044221.0,-12050.0,-140084.0,-46376.0,-760000.0
2021-07-21,1477,2133377,501937749,236.0,238.0,231.5,235.5,-0.5,1932,2262881.0,-56000.0,30909.0,-527329.0,-69000.0
2021-07-22,1477,1757234,415869610,235.0,238.5,232.5,237.0,1.5,1303,2309503.0,23000.0,3000.0,-584386.0,-19000.0
2021-07-23,1477,2125124,500977155,235.0,239.5,233.0,239.5,2.5,1582,2763327.0,-7000.0,9407.0,-196000.0,4000.0
2021-07-26,1477,2569890,601056848,238.0,238.0,232.0,233.0,-6.5,1781,2956626.0,16000.0,-1011.0,-669165.0,45000.0
2021-07-27,1477,2143768,512738464,232.5,244.0,232.5,240.0,7.0,1746,2298663.0,80000.0,16533.0,134386.0,162197.0
2021-07-28,1477,1751507,420934701,238.0,243.0,237.5,239.5,-0.5,1391,1409607.0,-67000.0,29238.0,-698561.0,41000.0
2021-07-29,1477,2096353,496880351,238.5,239.5,234.5,237.5,-2.0,1272,2611961.0,-9000.0,15618.0,-540532.0,-20000.0
2021-07-30,1477,1614468,382032129,237.0,239.0,235.0,237.5,0.0,1241,2296877.0,-12000.0,-351.0,-228390.0,-194000.0
2021-08-02,1477,1669733,390049620,234.5,237.0,229.5,236.5,-1.0,1483,1572480.0,-7000.0,-6000.0,245646.0,-293000.0
2021-08-03,1477,1963439,460646835,236.5,238.0,232.5,234.0,-2.5,1755,2143618.0,-3000.0,11672.0,-249541.0,-207000.0
2021-08-04,1477,6204655,1532059761,237.0,253.5,235.0,250.0,16.0,4577,4850011.0,82000.0,112490.0,654879.0,652000.0
2021-08-05,1477,2103951,521089388,243.0,251.0,243.0,248.5,-1.5,1788,2287403.0,-25000.0,-499.0,-757306.0,0.0
2021-08-06,1477,1609157,392133792,248.5,248.5,241.0,246.0,-2.5,1500,1428345.0,20000.0,-34357.0,34806.0,-337000.0
2021-08-09,1477,960281,231152115,243.5,245.0,239.0,240.0,-6.0,835,1135341.0,-13000.0,-1513.0,-362066.0,31000.0
2021-08-10,1477,1254389,294413763,239.0,239.0,232.0,235.0,-5.0,1094,1339244.0,-7000.0,100.0,-448720.0,-100000.0
2021-08-11,1477,981757,230213467,235.0,237.0,230.5,234.0,-1.0,881,1236775.0,-6000.0,77380.0,-176515.0,1000.0
2021-08-12,1477,1135233,266282696,233.0,237.5,230.5,236.0,2.0,937,1714171.0,2000.0,5900.0,-476851.0,-31000.0
2021-08-13,1477,2002130,458145000,234.0,234.0,223.5,228.5,-7.5,1789,1726372.0,-22000.0,-7089.0,-510093.0,44000.0
2021-08-16,1477,2259374,496479383,228.5,228.5,217.0,219.0,-9.5,1772,2331766.0,-64000.0,-25892.0,687032.0,-95125.0
2021-08-17,1477,1707909,381304073,218.0,226.0,217.5,221.5,2.5,1452,2104738.0,-14000.0,-1700.0,178968.0,173000.0
2021-08-18,1477,2256217,501737094,220.0,226.0,215.5,226.0,4.5,1900,3005997.0,0.0,5663.0,-462664.0,2000.0
2021-08-19,1477,2296826,497501604,222.5,222.5,213.5,216.0,-10.0,1935,2760046.0,-4000.0,33527.0,354477.0,1000.0
2021-08-20,1477,1222529,268727682,218.0,222.0,217.0,219.0,3.0,1049,1430558.0,2000.0,44118.0,212025.0,-26000.0
2021-08-23,1477,976374,219958657,220.5,228.0,220.5,225.0,6.0,826,1222652.0,5000.0,-19970.0,-380282.0,111000.0
2021-08-24,1477,1118410,256156890,227.0,231.0,224.5,229.5,4.5,910,1320957.0,-2000.0,-11032.0,18258.0,145000.0
2021-08-25,1477,1093140,251947730,229.5,232.0,227.0,231.5,2.0,939,1293332.0,-4000.0,48000.0,-527317.0,290000.0
2021-08-26,1477,662566,154734601,231.5,235.5,230.0,233.0,1.5,585,823413.0,2000.0,0.0,-115535.0,0.0
2021-08-27,1477,702885,164911581,235.0,236.0,230.5,236.0,3.0,556,930984.0,10000.0,11000.0,-82782.0,0.0
2021-08-30,1477,794337,186754506,236.0,237.0,232.5,236.0,0.0,678,976101.0,-12000.0,19981.0,-439310.0,0.0
2021-08-31,1477,814190,192456259,236.0,239.0,233.0,238.5,2.5,633,1166359.0,6000.0,5000.0,-22871.0,0.0
2021-09-01,1477,720349,170891446,238.0,238.5,236.0,236.5,-2.0,692,1021728.0,-8000.0,12507.0,-499449.0,27000.0
2021-09-02,1477,488204,115766481,236.5,239.5,235.0,235.0,-1.5,473,645857.0,7000.0,380.0,-169626.0,189.0
2021-09-03,1477,2963094,723704736,239.5,246.5,239.5,245.5,10.5,2084,2378976.0,1000.0,45047.0,1131386.0,112000.0
2021-09-06,1477,1775090,436495129,247.0,250.5,243.0,244.0,-1.5,1454,1828087.0,5000.0,36000.0,-232213.0,-51000.0
2021-09-07,1477,762251,184334977,247.0,247.0,240.0,243.5,-0.5,702,868471.0,-15000.0,-29868.0,-70565.0,-1000.0
2021-09-08,1477,996278,239469689,241.0,243.0,237.5,240.0,-3.5,871,1321494.0,-2000.0,-20837.0,-188627.0,30000.0
2021-09-09,1477,795974,193385411,238.0,245.0,238.0,244.0,4.0,681,1120246.0,14000.0,1438.0,-310068.0,-15000.0
2021-09-10,1477,869243,215070804,245.0,248.5,244.5,248.0,4.0,780,1134215.0,-2000.0,66784.0,-45842.0,20000.0
2021-09-13,1477,811053,202454314,249.5,250.5,246.5,250.0,2.0,788,833009.0,-5000.0,34169.0,-117912.0,-55000.0
2021-09-14,1477,3717915,962073027,255.0,261.5,254.0,258.5,8.5,2995,1976290.0,-2304.0,-30783.0,842677.0,490000.0
2021-09-15,1477,1611799,416317618,258.5,260.0,256.0,259.5,1.0,1351,1746743.0,-45000.0,-103000.0,389369.0,89000.0
2021-09-16,1477,1463459,369271930,259.0,259.0,249.5,253.0,-6.5,2795,1650900.0,-5000.0,10000.0,-134820.0,-184000.0
2021-09-17,1477,1028679,261104820,251.0,255.0,250.5,253.5,0.5,1230,1348831.0,0.0,18115.0,-337567.0,19000.0
2021-09-22,1477,819528,206694702,249.5,255.0,249.0,253.0,-0.5,783,1042024.0,-7000.0,-48785.0,366959.0,2000.0
2021-09-23,1477,1724273,434454091,253.0,256.0,249.0,252.5,-0.5,4407,2420665.0,4000.0,2000.0,297244.0,0.0
2021-09-24,1477,1059895,263655465,253.0,253.0,247.5,247.5,-5.0,1349,1377578.0,-3000.0,-116000.0,-32315.0,-48000.0
2021-09-27,1477,520127,129191243,247.5,251.5,246.0,246.0,-1.5,448,438033.0,-2000.0,-22930.0,-136028.0,27000.0
2021-09-28,1477,361327,88419034,246.0,247.5,243.0,245.0,-1.0,365,397504.0,-6000.0,-1550.0,68684.0,-118000.0
2021-09-29,1477,1118369,271445240,242.0,249.5,239.0,242.5,-2.5,1011,984858.0,0.0,-41037.0,-130319.0,-189000.0
2021-09-30,1477,690158,169724850,240.0,247.5,240.0,246.5,4.0,630,765504.0,-2000.0,13300.0,-142367.0,41000.0
2021-10-01,1477,528278,127748017,244.5,244.5,240.0,241.0,-5.5,911,645322.0,-4081.0,-36245.0,-232322.0,24000.0
2021-10-04,1477,881026,208536347,241.0,242.5,233.5,237.0,-4.0,720,882142.0,-9382.0,1743.0,-10313.0,56000.0
2021-10-05,1477,2121290,481422168,231.0,231.0,223.5,226.5,-10.5,1775,2001485.0,-12000.0,-6578.0,-157942.0,-284000.0
2021-10-06,1477,2337291,518605017,226.5,228.0,219.0,221.5,-5.0,1889,2590420.0,-12804.0,-77018.0,52710.0,-256000.0
2021-10-07,1477,1292602,287326461,222.5,225.5,220.0,222.5,1.0,961,1740447.0,-1000.0,-850.0,-257737.0,-41000.0
2021-10-08,1477,1280386,284641328,225.5,226.5,219.0,223.0,0.5,1006,1445911.0,-74.0,-10524.0,27639.0,-158000.0
2021-10-12,1477,2246463,483624178,218.5,221.5,212.5,215.0,-8.0,1874,2313328.0,-6388.0,11320.0,-457990.0,-174626.0
2021-10-13,1477,1189295,252284206,214.5,217.5,208.0,214.0,-1.0,1180,1354655.0,-1000.0,6175.0,-39529.0,-128000.0
2021-10-14,1477,726349,155652529,213.0,217.5,211.0,215.0,1.0,681,945854.0,0.0,-1448.0,-235014.0,-54000.0
2021-10-15,1477,2608658,544128097,215.0,215.0,204.5,209.0,-6.0,2413,2223190.0,-1344.0,-1023.0,-467685.0,-345000.0
2021-10-18,1477,1842270,400907030,213.0,220.5,212.5,217.5,8.5,1548,1442698.0,1012.0,-10233.0,178602.0,-81318.0
2021-10-19,1477,1016376,220800901,219.5,221.0,215.0,219.5,2.0,877,761912.0,0.0,13035.0,-85816.0,-108000.0
2021-10-20,1477,714603,155717826,220.0,220.0,217.0,218.0,-1.5,653,696924.0,0.0,-17375.0,223285.0,-236000.0
2021-10-21,1477,897721,197986998,218.5,223.5,217.5,217.5,-0.5,808,824855.0,11000.0,28560.0,-84092.0,-85000.0
2021-10-22,1477,766967,168559124,219.0,222.5,218.0,220.0,2.5,789,924716.0,1000.0,31705.0,144742.0,-12000.0
2021-10-25,1477,1211565,270224667,222.0,226.5,220.5,223.0,3.0,898,1450846.0,-20000.0,-4022.0,266168.0,38000.0
2021-10-26,1477,1660463,380006967,224.0,232.0,222.5,230.0,7.0,1378,1906753.0,4770.0,10468.0,437239.0,7000.0
2021-10-27,1477,875528,200969401,227.5,231.5,227.0,231.0,1.0,830,1282072.0,-1000.0,-17000.0,-212997.0,28000.0
2021-10-28,1477,698077,161954684,229.5,233.5,228.5,233.0,2.0,675,854130.0,-1000.0,-2674.0,21196.0,60000.0
2021-10-29,1477,1844846,442661599,235.0,243.0,233.0,242.5,9.5,1562,2108358.0,17000.0,-42334.0,665638.0,34000.0
2021-11-01,1477,1248374,294145447,241.0,242.5,232.0,235.0,-7.5,4790,970103.0,6000.0,10000.0,-306724.0,6000.0
2021-11-02,1477,1104790,254236407,235.0,236.5,227.5,231.0,-4.0,1515,960123.0,7000.0,22720.0,32897.0,0.0
2021-11-03,1477,1477333,331230688,228.5,229.0,222.0,224.0,-7.0,1348,1114190.0,-3012.0,27367.0,-293832.0,-102000.0
2021-11-04,1477,832036,190088533,225.0,231.0,225.0,228.0,4.0,698,879189.0,-2000.0,-10800.0,70645.0,-26000.0
2021-11-05,1477,990042,229944841,229.0,235.5,227.0,234.0,6.0,757,1150080.0,37000.0,75676.0,-405241.0,-1000.0
2021-11-08,1477,766225,181907859,234.0,239.5,234.0,236.5,2.5,716,828153.0,2000.0,71023.0,-45019.0,-46000.0
2021-11-09,1477,544296,130118847,238.0,241.0,237.5,238.5,2.0,613,505264.0,0.0,-16810.0,-34606.0,9264.0
2021-11-10,1477,1709587,408808684,238.5,243.0,237.0,237.5,-1.0,1743,2177910.0,4778.0,136783.0,-565364.0,-2000.0
2021-11-11,1477,1445268,344505174,238.0,242.0,235.5,237.0,-0.5,1728,1810405.0,0.0,60000.0,-549055.0,0.0
2021-11-12,1477,960556,228869246,238.0,240.5,235.5,237.5,0.5,850,1388915.0,8000.0,-11000.0,-187551.0,-6000.0
2021-11-15,1477,1047825,248423302,238.0,240.0,235.0,238.0,0.5,1142,1535632.0,-2201.0,11866.0,31272.0,-558000.0
2021-11-16,1477,1027030,244667216,238.0,240.5,236.5,238.5,0.5,839,1343881.0,432.0,1000.0,132154.0,-502000.0
2021-11-17,1477,1266352,299379839,240.0,240.0,234.0,237.0,-1.5,1542,1401772.0,-4000.0,-96000.0,-204523.0,-279000.0
2021-11-18,1477,1206829,286875185,237.5,242.5,235.5,237.5,0.5,1080,1207671.0,1000.0,28129.0,364000.0,-101000.0
2021-11-19,1477,3142722,768928266,242.0,252.0,241.0,243.5,6.0,2488,2208281.0,8000.0,41706.0,286516.0,0.0
2021-11-22,1477,1558098,376074987,242.5,245.5,239.0,242.5,-1.0,1613,1162336.0,21806.0,34286.0,-261802.0,0.0
2021-11-23,1477,1249339,299904068,242.5,243.0,237.5,242.0,-0.5,1796,1443242.0,-2000.0,-3000.0,219712.0,-186000.0
2021-11-24,1477,843893,201382189,242.0,242.0,237.5,238.5,-3.5,1870,1156193.0,0.0,47033.0,-229827.0,575.0
2021-11-25,1477,679957,162039726,240.0,240.0,237.0,239.0,0.5,1025,880011.0,-4000.0,7942.0,-72000.0,1000.0
2021-11-26,1477,1117811,263378389,239.0,239.0,233.5,234.0,-5.0,1270,1553242.0,-24000.0,-24452.0,-535000.0,1000.0
2021-11-29,1477,799975,186626792,231.0,235.5,230.0,233.0,-1.0,1359,1194115.0,0.0,-16940.0,-508115.0,1000.0
2021-11-30,1477,574303,134707138,233.0,236.0,233.0,233.0,0.0,1822,780421.0,0.0,-9947.0,-275890.0,-38000.0
2021-12-01,1477,565722,132061430,233.0,236.5,231.0,233.5,0.5,1010,673560.0,1000.0,19004.0,-264830.0,38000.0
2021-12-02,1477,1100463,261793099,233.5,240.5,233.5,239.0,5.5,843,1305579.0,19000.0,77189.0,307251.0,0.0
2021-12-03,1477,2564060,602539153,239.0,240.0,229.0,237.0,-2.0,3876,2468843.0,-40012.0,-42261.0,-363000.0,0.0
2021-12-06,1477,520495,124515281,237.0,240.5,236.0,240.5,3.5,910,801600.0,2000.0,65000.0,245020.0,1000.0
2021-12-07,1477,1422251,348665489,241.0,249.0,240.5,247.5,7.0,1629,1452475.0,5000.0,55869.0,560694.0,156000.0
2021-12-08,1477,1679383,416796459,252.0,253.0,244.5,247.5,0.0,4027,1722857.0,-21000.0,54632.0,152165.0,109000.0
2021-12-09,1477,939597,233805899,249.0,251.5,246.5,249.0,1.5,887,961659.0,1000.0,-62000.0,59876.0,0.0
2021-12-10,1477,843596,209229976,250.0,250.0,244.0,247.0,-2.0,751,953892.0,7000.0,-16000.0,-158871.0,0.0
2021-12-13,1477,179668,44668926,249.0,249.5,247.5,248.0,1.0,426,184138.0,-1000.0,14000.0,-29983.0,0.0
2021-12-14,1477,1036956,257008870,249.5,251.5,244.0,248.0,0.0,2342,942019.0,-3000.0,-3000.0,48521.0,0.0
2021-12-15,1477,872329,214905287,248.5,248.5,244.0,246.0,-2.0,2116,982920.0,-10000.0,-78000.0,-46955.0,0.0
2021-12-16,1477,800439,196085107,247.5,247.5,242.5,245.0,-1.0,769,930658.0,0.0,-72950.0,-94012.0,1000.0
2021-12-17,1477,1618439,402635083,244.5,252.0,244.5,247.0,2.0,1834,1782294.0,3000.0,-748.0,399733.0,1000.0
2021-12-20,1477,1084181,264229234,247.0,247.0,241.5,242.0,-5.0,3447,1533155.0,-7000.0,-8999.0,-348000.0,0.0
2021-12-21,1477,721669,177636665,244.0,248.0,243.5,248.0,6.0,509,1022319.0,0.0,-4908.0,385000.0,0.0
2021-12-22,1477,422114,104469796,245.5,249.5,245.5,246.5,-1.5,534,594000.0,-2000.0,1309.0,-60000.0,0.0
2021-12-23,1477,367214,91017222,246.5,249.0,246.5,248.5,2.0,303,425441.0,0.0,1199.0,67631.0,0.0
2021-12-24,1477,1081713,271324655,248.5,252.0,248.5,250.5,2.0,1433,1336804.0,18000.0,6034.0,424000.0,0.0
2021-12-27,1477,269024,67133352,250.5,251.0,248.0,248.5,-2.0,4986,382714.0,-15000.0,1000.0,-108934.0,0.0
2021-12-28,1477,286986,71146553,247.5,249.0,247.0,247.5,-1.0,840,367633.0,-3000.0,-2437.0,38000.0,-19000.0
2021-12-29,1477,330675,82117663,249.0,250.0,247.0,248.5,1.0,1098,495821.0,0.0,12082.0,8000.0,0.0
2021-12-30,1477,506157,125123934,247.5,249.0,245.0,247.0,-1.5,1508,662747.0,2000.0,6023.0,-108017.0,-24000.0
2022-01-03,1477,1167809,292069927,249.0,255.5,245.5,246.5,-0.5,1768,883465.0,1933.0,18000.0,273793.0,-10000.0
2022-01-04,1477,2336879,585565421,249.5,255.5,246.5,253.5,7.0,2411,2734741.0,26106.0,79000.0,986631.0,-40000.0
2022-01-05,1477,3789451,990879664,266.0,272.0,257.0,257.0,3.5,3903,3328458.0,-19699.0,110019.0,1284123.0,29000.0
2022-01-06,1477,1886525,481902984,256.0,259.5,253.5,255.5,-1.5,3309,2709536.0,-3998.0,18000.0,953634.0,0.0
2022-01-07,1477,1207423,302291231,256.0,256.0,248.5,250.0,-5.5,2093,1276217.0,-6812.0,29000.0,-78224.0,0.0
2022-01-10,1477,1036319,255394041,249.5,249.5,245.0,248.0,-2.0,1558,1284171.0,-1071.0,-13000.0,99000.0,-12000.0
2022-01-11,1477,1063639,260360345,250.0,250.0,243.0,244.0,-4.0,5062,1346471.0,-1004.0,-5640.0,-267000.0,-1000.0
2022-01-12,1477,1301934,315655842,245.0,245.0,240.0,243.5,-0.5,3873,1654100.0,-1278.0,-9715.0,-244583.0,-1000.0
2022-01-13,1477,685716,166133363,245.0,246.5,240.0,242.0,-1.5,3106,786807.0,-993.0,-49856.0,-279738.0,0.0
2022-01-14,1477,515590,123478274,240.5,241.5,238.0,240.5,-1.5,2946,634165.0,-2037.0,-79000.0,69000.0,-1149.0
2022-01-17,1477,452672,108765505,240.5,242.0,238.0,241.0,0.5,966,685224.0,9983.0,-48000.0,-254000.0,0.0
2022-01-18,1477,1840932,447989819,245.0,249.0,239.5,239.5,-1.5,9107,1605344.0,-2826.0,-8000.0,-590000.0,-1000.0
2022-01-19,1477,858288,206786113,240.0,243.0,239.5,240.5,1.0,1405,1248356.0,-3090.0,-23236.0,-16960.0,-213000.0
2022-01-20,1477,703493,170708413,240.5,245.5,239.0,245.0,4.5,703,880096.0,-964.0,-9000.0,4809.0,0.0
2022-01-21,1477,543343,131010620,243.0,243.5,240.0,240.0,-5.0,1392,724977.0,-4000.0,-7000.0,-172000.0,-13000.0
2022-01-24,1477,1673366,389834127,236.5,236.5,230.5,233.5,-6.5,1249,2040604.0,-1628.0,-15318.0,-690000.0,-218000.0
2022-01-25,1477,1683084,386394611,233.0,233.5,227.0,233.0,-0.5,1348,1914905.0,-1960.0,-91958.0,21956.0,-268000.0
2022-01-26,1477,2058242,471520439,232.0,233.0,226.0,231.5,-1.5,1978,2261193.0,-5717.0,25000.0,696357.0,-468971.0
2022-02-07,1477,1656457,373795018,230.5,230.5,224.0,225.0,-6.5,1226,1660971.0,1000.0,19649.0,-291365.0,-412000.0
2022-02-08,1477,2036354,458452734,226.5,228.0,224.0,225.0,0.0,1674,2878124.0,3000.0,17564.0,141766.0,-526000.0
2022-02-09,1477,1609673,373573844,229.5,234.5,228.5,234.0,9.0,1370,1603727.0,6000.0,11056.0,473057.0,-109000.0
2022-02-10,1477,1684387,386235264,234.0,235.5,227.0,229.0,-5.0,2502,1972177.0,-8000.0,23178.0,-721299.0,-60000.0
2022-02-11,1477,1318867,301292693,230.0,231.5,225.0,231.5,2.5,1076,1127410.0,-2000.0,1774.0,-182156.0,-232000.0
2022-02-14,1477,501411,113639084,229.0,229.0,225.5,226.0,-5.5,452,545578.0,-18.0,-9313.0,-135058.0,-5000.0
2022-02-15,1477,501404,113065912,225.5,227.5,224.5,225.0,-1.0,521,615138.0,-186.0,-7812.0,37363.0,0.0
2022-02-16,1477,517176,117320806,226.5,228.0,225.5,227.5,2.5,550,555398.0,0.0,14674.0,33470.0,-6000.0
2022-02-17,1477,765021,174588337,228.0,229.5,226.5,228.5,1.0,619,1119931.0,0.0,2000.0,-27806.0,-2000.0
2022-02-18,1477,405226,91647176,227.0,227.0,225.0,227.0,-1.5,451,544127.0,-5000.0,1000.0,-101046.0,0.0
2022-02-21,1477,370221,83627205,226.0,227.0,225.0,226.0,-1.0,400,394622.0,0.0,-1.0,-5941.0,-258.0
2022-02-22,1477,658158,148663525,226.0,228.0,224.5,226.0,0.0,496,966856.0,0.0,-9731.0,-223502.0,0.0
2022-02-23,1477,370930,83734431,226.0,227.5,225.0,226.0,0.0,464,553486.0,0.0,1968.0,-132014.0,0.0
2022-02-24,1477,1056310,232356218,225.0,225.0,216.0,218.5,-7.5,1139,1144811.0,-129.0,-13242.0,-133878.0,-163000.0
2022-02-25,1477,1357971,293603852,220.0,220.5,214.0,220.0,1.5,1309,1551602.0,0.0,40058.0,393001.0,-329902.0
2022-03-01,1477,538787,120283287,220.0,225.0,220.0,223.0,3.0,570,708104.0,0.0,2023.0,42010.0,1000.0
2022-03-02,1477,805917,180605823,223.0,226.0,222.5,225.0,2.0,1049,1104690.0,0.0,18980.0,-58700.0,0.0
2022-03-03,1477,1671809,377663323,228.5,231.0,222.5,226.0,1.0,1307,1968863.0,0.0,-5121.0,-202825.0,-31000.0
2022-03-04,1477,2053073,454924156,226.0,226.5,218.0,223.0,-3.0,1697,2717346.0,0.0,44589.0,-733281.0,-340000.0
2022-03-07,1477,1687454,367188810,221.5,223.0,215.0,215.5,-7.5,1637,1829845.0,-3.0,-60610.0,256687.0,-216000.0
2022-03-08,1477,2749247,563441924,212.0,213.0,201.0,204.0,-11.5,2645,2933102.0,-3005.0,-350347.0,1153173.0,-184000.0
2022-03-09,1477,698830,144681575,209.0,209.0,205.0,207.5,3.5,750,957716.0,1000.0,-23100.0,-26694.0,-199000.0
2022-03-10,1477,5051084,1002805495,208.0,211.0,192.0,197.5,-10.0,4383,3951413.0,-2299.0,-66125.0,-695649.0,-532000.0
2022-03-11,1477,3112402,603865302,196.0,199.0,190.0,197.0,-0.5,2593,2743812.0,-472.0,19981.0,166939.0,-304000.0
2022-03-14,1477,1530882,304671373,198.5,200.5,196.5,199.5,2.5,1061,1446531.0,0.0,-3102.0,-128376.0,1000.0
2022-03-15,1477,657208,128412661,199.0,199.0,193.0,193.5,-6.0,771,734807.0,-3.0,-419.0,-174112.0,0.0
2022-03-16,1477,806564,156870588,197.5,197.5,192.5,194.5,1.0,751,933369.0,999.0,-5244.0,131479.0,1000.0
2022-03-17,1477,753723,148307062,197.0,199.5,195.5,196.5,2.0,736,788419.0,0.0,66694.0,-187756.0,0.0
2022-03-18,1477,720215,141785097,196.5,198.5,195.0,196.0,-0.5,745,794889.0,0.0,27511.0,-290299.0,-30000.0
2022-03-21,1477,917841,182285037,196.5,201.0,196.5,198.5,2.5,920,1096768.0,3000.0,62840.0,-265308.0,-160000.0
2022-03-22,1477,793856,155116782,198.0,198.0,194.0,195.5,-3.0,889,840630.0,0.0,1048.0,-217784.0,0.0
2022-03-23,1477,1598670,320890951,198.5,203.5,198.0,202.5,7.0,1336,1374013.0,15000.0,28000.0,19888.0,-132000.0
2022-03-24,1477,1395240,281594474,199.5,204.0,199.5,200.5,-2.0,1146,1797082.0,-4000.0,-8347.0,-553448.0,5000.0
2022-03-25,1477,1189859,237249504,203.5,204.5,196.5,197.0,-3.5,1081,1314514.0,-5010.0,29257.0,-123621.0,-138000.0
2022-03-28,1477,997916,197212561,197.0,199.5,195.0,199.0,2.0,778,1107526.0,1000.0,1147.0,-32625.0,100000.0
2022-03-29,1477,1025712,202792877,199.0,200.0,196.0,196.5,-2.5,924,1521578.0,0.0,2492.0,123225.0,1000.0
2022-03-30,1477,2350793,481060576,198.0,208.0,198.0,207.0,10.5,1907,1793118.0,31000.0,26000.0,570557.0,100000.0
2022-03-31,1477,1369416,281286458,206.5,207.5,203.0,205.5,-1.5,1275,1536480.0,-27000.0,-19310.0,-507854.0,-9000.0
2022-04-01,1477,999978,204733880,204.5,206.5,200.5,206.5,1.0,707,1048603.0,1000.0,-184.0,-87597.0,0.0
2022-04-06,1477,1977804,405070049,206.0,208.0,200.0,207.0,0.5,1421,2246559.0,0.0,-4393.0,-324718.0,0.0
2022-04-07,1477,2335428,473429437,204.0,207.0,200.0,200.5,-6.5,1686,2790151.0,1000.0,-21718.0,-821690.0,6000.0
2022-04-08,1477,1024920,205398495,200.5,201.5,198.5,201.0,0.5,755,1217366.0,1000.0,-17443.0,-478287.0,6000.0
2022-04-11,1477,1451311,286355555,201.0,201.0,195.0,195.0,-6.0,1219,1825711.0,-3000.0,-60088.0,-830634.0,0.0
2022-04-12,1477,1619301,311278853,193.0,195.0,190.0,191.5,-3.5,1044,1130520.0,6000.0,19372.0,-869755.0,-98703.0
2022-04-13,1477,2164949,416393692,192.0,196.0,190.5,192.0,0.5,1541,2299431.0,-2000.0,12400.0,-486064.0,1000.0
2022-04-14,1477,1944022,358883356,185.0,185.5,181.5,183.0,0.0,1533,1131742.0,-8000.0,0.0,582857.0,-178.0
2022-04-15,1477,1728146,304332761,182.5,182.5,174.0,175.0,-8.0,1877,1641722.0,-1000.0,-96781.0,-113244.0,-64000.0
2022-04-18,1477,3752315,645078505,175.5,175.5,169.5,172.0,-3.0,2361,3974717.0,0.0,-8569.0,86652.0,-259000.0
2022-04-19,1477,1725767,301200647,173.0,177.0,172.0,175.5,3.5,1265,2468064.0,2000.0,39.0,-54000.0,-161000.0
2022-04-20,1477,3213660,553483841,174.0,175.5,170.0,174.0,-1.5,2167,3891904.0,-4000.0,-27039.0,-908300.0,179000.0
2022-04-21,1477,4706105,876960563,179.0,190.5,177.0,190.5,16.5,3341,3891904.0,19473.0,24308.0,-152292.0,1481000.0
2022-04-22,1477,4719085,892904698,189.0,194.0,185.0,189.5,-1.0,5273,4049013.0,-5000.0,91396.0,-1213000.0,1713000.0
2022-04-25,1477,2066246,371139795,184.0,184.0,177.5,180.0,-9.5,2560,2203706.0,-7000.0,-118648.0,-575538.0,483498.0
2022-04-26,1477,2314522,426347776,180.0,187.5,180.0,185.5,5.5,1537,1918794.0,6000.0,-9256.0,-367276.0,478000.0
2022-04-27,1477,1463694,261331907,180.0,180.0,176.0,179.5,-6.0,1607,1171754.0,2000.0,-32375.0,-391096.0,75000.0
2022-04-28,1477,739195,132341277,179.5,181.0,176.5,178.0,-1.5,623,893312.0,14071.0,-1076.0,-107085.0,72000.0
2022-04-29,1477,2841172,520586956,179.0,187.5,179.0,183.0,5.0,1841,2650643.0,22000.0,8646.0,373000.0,39000.0
2022-05-03,1477,1340597,240595575,187.0,187.0,177.0,179.0,-4.0,2107,1216018.0,-18000.0,-758.0,349885.0,-482182.0
2022-05-04,1477,1305852,237304596,180.0,184.5,180.0,180.5,1.5,1008,1652485.0,2000.0,909.0,-352569.0,0.0
2022-05-05,1477,2135512,384949765,183.5,183.5,178.5,180.0,-0.5,2044,2827766.0,-1000.0,2876.0,865000.0,-499000.0
2022-05-06,1477,7653988,1258460654,171.0,171.0,162.0,163.5,-16.5,5765,8025753.0,-6863.0,9630.0,-5307612.0,-155000.0
2022-05-09,1477,4283482,682776694,160.5,163.0,157.0,159.5,-4.0,3028,4038294.0,-21000.0,4651.0,577586.0,2000.0
2022-05-10,1477,3409351,535809247,157.0,161.0,155.0,158.5,-1.0,2843,3654768.0,1627.0,-160383.0,1315544.0,-412000.0
2022-05-11,1477,3113641,495146889,157.5,163.5,156.0,160.0,1.5,2573,3026076.0,-1000.0,-2444.0,512755.0,-792832.0
2022-05-12,1477,1465189,236609545,158.0,163.0,158.0,163.0,3.0,1184,1088965.0,1000.0,29000.0,308585.0,0.0
2022-05-13,1477,1595820,264883234,163.5,168.0,162.5,165.5,2.5,1403,1327511.0,2000.0,56921.0,278712.0,11000.0
2022-05-16,1477,949529,156387870,167.5,168.0,163.0,164.5,-1.0,2622,787000.0,-1000.0,19999.0,94543.0,1000.0
2022-05-17,1477,1498922,253083338,165.0,170.5,165.0,169.5,5.0,1036,1515058.0,31000.0,3999.0,219000.0,0.0
2022-05-18,1477,1394975,236332828,168.0,171.0,167.0,171.0,1.5,1059,1851663.0,-1000.0,-5000.0,73631.0,0.0
2022-05-19,1477,2395402,387486841,165.0,165.0,160.0,162.0,-9.0,3155,2562474.0,-2927.0,1852.0,-717744.0,-83000.0
2022-05-20,1477,1361495,218890413,162.5,163.5,159.5,160.0,-2.0,1237,1294143.0,-8000.0,1737.0,-239066.0,0.0
2022-05-23,1477,2338517,369541461,160.0,161.0,156.5,158.5,-1.5,2207,2519919.0,0.0,6880.0,789000.0,-356229.0
2022-05-24,1477,896524,142234613,159.0,161.0,157.0,158.0,-0.5,825,710097.0,-10000.0,-1683.0,-202912.0,0.0
2022-05-25,1477,1518170,237326167,158.0,159.0,154.5,157.0,-1.0,1371,1237603.0,-2000.0,16350.0,27000.0,-206.0
2022-05-26,1477,1738228,271537849,157.5,159.0,155.0,155.5,-1.5,1340,1934980.0,0.0,-7520.0,387000.0,-55000.0
2022-05-27,1477,2292807,356281937,157.0,158.0,154.5,155.5,0.0,1663,2171718.0,0.0,-18900.0,-370000.0,-16803.0
2022-05-30,1477,1078628,172294381,157.5,161.5,157.0,160.5,5.0,983,878949.0,3000.0,5995.0,436000.0,17000.0
2022-05-31,1477,1538974,251074021,160.0,164.0,159.5,164.0,3.5,1176,1602497.0,573.0,98388.0,237574.0,0.0
2022-06-01,1477,678350,111138814,163.5,165.5,163.0,163.0,-1.0,637,776805.0,1000.0,40000.0,-278000.0,0.0
2022-06-02,1477,517780,84634799,163.0,164.5,161.0,164.0,1.0,540,543792.0,-1000.0,8952.0,59064.0,0.0
2022-06-06,1477,367947,60534352,164.5,165.5,163.0,165.0,1.0,399,393692.0,2296.0,9367.0,-157775.0,0.0
2022-06-07,1477,1261572,206846943,168.0,168.0,162.0,162.5,-2.5,1228,1175018.0,-1000.0,478.0,-236000.0,-2000.0
2022-06-08,1477,2397627,398808860,164.0,168.5,164.0,166.5,4.0,1939,1920702.0,4000.0,9498.0,481368.0,-4000.0
2022-06-09,1477,1412549,233103179,165.0,166.5,163.0,166.0,-0.5,1479,1588987.0,1000.0,-4054.0,148524.0,0.0
2022-06-10,1477,684935,113230544,164.5,167.0,163.0,167.0,1.0,721,695808.0,-5000.0,5708.0,169000.0,1000.0
2022-06-13,1477,986962,159971045,163.5,163.5,160.0,163.0,-4.0,889,954377.0,-664.0,5185.0,-399693.0,3000.0
2022-06-14,1477,667666,107833846,162.0,163.0,160.0,162.5,-0.5,865,780185.0,1000.0,6729.0,-151057.0,0.0
2022-06-15,1477,1258461,203110307,162.0,163.0,160.0,161.5,-1.0,1183,1583004.0,-99.0,-14530.0,-90551.0,0.0
2022-06-16,1477,1789468,290689957,164.0,166.5,158.0,158.5,-3.0,1423,1525191.0,4000.0,6374.0,-165041.0,0.0
2022-06-17,1477,2909299,467034783,157.5,165.5,156.0,159.5,1.0,2444,1942982.0,19000.0,8748.0,107962.0,627000.0
2022-06-20,1477,1240486,198537572,163.0,163.0,157.5,157.5,-2.0,1075,1133060.0,-14000.0,-387.0,-455000.0,405000.0
2022-06-21,1477,661392,106318651,160.0,162.5,158.5,162.0,4.5,679,597908.0,1000.0,11000.0,178000.0,2000.0
2022-06-22,1477,1249412,203545078,163.0,164.5,161.0,162.5,0.5,1085,1001033.0,6000.0,10851.0,-33000.0,1000.0
2022-06-23,1477,1169929,189674757,164.0,164.5,160.5,163.0,0.5,1050,1141230.0,0.0,33555.0,-37200.0,0.0
2022-06-24,1477,1692161,274189979,164.0,164.5,159.0,162.5,-0.5,1377,1306471.0,6000.0,62762.0,-66000.0,0.0
2022-06-27,1477,1212462,197039250,163.5,164.0,161.0,163.5,1.0,1197,1389241.0,-3000.0,35689.0,-127000.0,0.0
2022-06-28,1477,1323822,211454535,162.5,163.0,158.0,158.5,-5.0,1226,1233838.0,2000.0,-204.0,-475000.0,0.0
2022-06-29,1477,7503268,1091414584,153.0,153.0,143.0,144.0,-14.5,6418,5111691.0,-3695.0,-21977.0,-1743103.0,-35000.0
2022-06-30,1477,5107838,715286583,143.0,144.0,136.5,141.0,-3.0,4458,3894933.0,14403.0,48523.0,382443.0,-136000.0
2022-07-01,1477,1599870,224266012,140.5,143.5,138.5,139.5,-1.5,1355,1502095.0,10479.0,4401.0,-427000.0,-2000.0
2022-07-04,1477,982041,136485714,139.0,141.5,137.5,138.5,-1.0,940,815382.0,-5907.0,25996.0,-309924.0,-10068.0
2022-07-05,1477,1194195,169974280,141.5,145.0,140.0,142.0,3.5,1256,853673.0,20994.0,15694.0,101522.0,-32909.0
2022-07-06,1477,974878,139205767,142.5,144.5,141.5,142.0,0.0,1594,699113.0,319.0,-2088.0,55000.0,-12000.0
2022-07-07,1477,1591742,231889802,142.0,147.5,141.0,147.0,5.0,1261,909209.0,1000.0,42121.0,333483.0,-32000.0
2022-07-08,1477,1464675,215521175,146.5,149.0,144.0,147.5,0.5,1235,1296777.0,-15000.0,1421.0,-11899.0,-1000.0
2022-07-11,1477,425239,62206432,148.5,149.0,145.5,145.5,-2.0,1611,368837.0,-4024.0,7528.0,-133447.0,-7000.0
2022-07-12,1477,2698907,370538160,141.0,141.0,135.0,136.5,-9.0,2575,2517230.0,-26000.0,-73404.0,-1293174.0,-6000.0
2022-07-13,1477,3013771,410249166,140.0,140.0,134.5,135.5,-1.0,2224,3288797.0,12000.0,21423.0,667061.0,-599000.0
2022-07-14,1477,2552786,348754689,136.0,139.0,134.0,138.0,2.5,2319,2617472.0,33719.0,22661.0,899000.0,-874197.0
2022-07-15,1477,1324833,182193339,138.0,139.0,135.5,138.0,0.0,1233,1333698.0,-13000.0,14878.0,81628.0,-31000.0
2022-07-18,1477,1618680,229187265,140.5,144.0,139.5,140.5,2.5,1776,1556254.0,26000.0,66572.0,494100.0,-334000.0
2022-07-19,1477,1023914,145496788,140.5,143.5,140.5,143.0,2.5,972,1112214.0,-9000.0,-16114.0,261000.0,-311000.0
2022-07-20,1477,1959781,281425197,144.0,146.5,142.0,143.0,0.0,2208,2040795.0,-8000.0,-19777.0,285873.0,-419000.0
2022-07-21,1477,1310932,188634129,144.0,146.0,142.0,145.5,2.5,966,1379769.0,-4000.0,-14064.0,604724.0,-302000.0
2022-07-22,1477,1151463,166759865,145.0,147.0,143.5,144.5,-1.0,1413,1235673.0,-6223.0,-640.0,21000.0,-287000.0
2022-07-25,1477,610264,87946875,144.0,145.0,142.5,144.5,0.0,561,401279.0,-1000.0,-3982.0,-33000.0,-11000.0
2022-07-26,1477,1649064,230741254,144.5,144.5,137.5,138.5,-6.0,2373,1259352.0,-12000.0,-60075.0,-561537.0,2000.0
2022-07-27,1477,1353294,185264407,138.0,139.5,135.0,139.0,0.5,1467,996614.0,18000.0,2119.0,115422.0,-49000.0
2022-07-28,1477,1857286,253443306,140.0,140.0,135.0,135.5,-3.5,1933,1621766.0,-7000.0,-14781.0,-1095215.0,178000.0
2022-07-29,1477,2082385,293482522,137.0,143.5,136.5,141.5,6.0,1748,1733259.0,92000.0,155736.0,353992.0,1000.0
2022-08-01,1477,1386274,199615937,143.0,146.5,142.5,144.0,2.5,1104,1210528.0,7871.0,11487.0,-488000.0,0.0
2022-08-02,1477,1326073,188738210,142.0,144.5,140.0,143.0,-1.0,1713,1084512.0,-18000.0,7757.0,-151000.0,1000.0
2022-08-03,1477,1446756,208642180,142.0,145.5,142.0,145.0,2.0,1128,1373631.0,4000.0,2000.0,15000.0,0.0
2022-08-04,1477,7047175,1047558791,148.5,153.0,144.0,152.0,7.0,5056,3522046.0,59000.0,-45791.0,-495000.0,111000.0
2022-08-05,1477,9473156,1538281687,157.0,166.0,156.0,162.5,10.5,9180,5836061.0,-110000.0,-149983.0,561600.0,671000.0
2022-08-08,1477,3059218,499368728,162.5,165.5,160.0,162.5,0.0,5307,1918430.0,-9000.0,3000.0,-449000.0,104000.0
2022-08-09,1477,2203559,362125622,162.5,166.0,161.0,165.5,3.0,3441,1682072.0,16000.0,16000.0,91000.0,1000.0
2022-08-10,1477,4053874,652584751,160.0,163.0,157.5,162.5,-3.0,3429,3175796.0,-2000.0,-5698.0,-708000.0,137000.0
2022-08-11,1477,9855414,1720748952,167.5,178.5,167.5,178.5,16.0,7673,8554924.0,21700.0,83740.0,213000.0,1196000.0
2022-08-12,1477,12777257,2313375256,180.5,184.5,177.0,184.0,5.5,12837,7540588.0,9000.0,-23888.0,1592000.0,1326000.0
2022-08-15,1477,4628834,854838364,185.0,186.5,182.0,185.0,1.0,3553,2798027.0,-30000.0,-47413.0,-427000.0,334000.0
2022-08-16,1477,2437277,443705852,182.0,184.0,179.0,183.0,-2.0,2073,1254748.0,4000.0,33295.0,200000.0,0.0
2022-08-17,1477,2025179,370903233,183.0,185.5,181.5,183.5,0.5,1640,1882173.0,-1272.0,-102000.0,51000.0,-11000.0
2022-08-18,1477,3933180,705095746,179.0,182.5,175.5,181.5,-2.0,3100,2284271.0,-11000.0,-178001.0,-265500.0,184000.0
2022-08-19,1477,2404823,428878082,178.5,181.0,177.0,178.0,-3.5,4257,1796784.0,-9000.0,576.0,-504286.0,-55000.0
2022-08-22,1477,2153041,379376327,174.5,178.0,174.0,177.0,-1.0,1880,2161742.0,2000.0,-28000.0,409000.0,-65000.0
2022-08-23,1477,3536041,627109115,174.5,181.5,174.0,177.5,0.5,7578,2090271.0,82000.0,39189.0,-516000.0,664000.0
2022-08-24,1477,3667652,666493711,178.0,183.5,177.5,183.0,5.5,4986,2925648.0,21000.0,54000.0,-324000.0,1375000.0
2022-08-25,1477,4549418,845715904,185.0,188.0,182.0,187.0,4.0,4507,3606945.0,-7000.0,42815.0,-591000.0,899000.0
2022-08-26,1477,1950081,361757769,188.0,189.5,183.5,184.5,-2.5,7024,1431958.0,-40000.0,2000.0,-329000.0,1000.0
2022-08-29,1477,1771151,316165688,177.5,180.5,176.5,178.5,-6.0,3783,1811708.0,-18000.0,-29051.0,508225.0,0.0
2022-08-30,1477,1447573,257412274,178.0,180.0,176.5,178.0,-0.5,3523,1182857.0,4000.0,35000.0,10500.0,0.0
2022-08-31,1477,4649501,847065594,182.0,186.0,179.0,180.5,2.5,9127,2157956.0,70000.0,-14295.0,414000.0,325000.0
2022-09-01,1477,4861107,888419331,181.5,186.0,179.0,185.0,4.5,3808,3575319.0,306940.0,-79001.0,888000.0,452000.0
2022-09-02,1477,5162433,965241718,185.0,192.5,183.0,185.0,0.0,7286,2134429.0,-253719.0,-6396.0,-71287.0,403000.0
2022-09-05,1477,9578734,1861929480,195.0,200.5,188.5,189.0,4.0,8029,3232572.0,4839.0,-33709.0,1063144.0,-7000.0
2022-09-06,1477,3702395,704003917,191.0,197.0,185.5,187.0,-2.0,6057,1778950.0,7642.0,-26000.0,-381800.0,177000.0
2022-09-07,1477,1924453,359724214,187.0,189.5,182.5,188.5,1.5,2159,1005684.0,-49179.0,-25000.0,277484.0,0.0
2022-09-08,1477,4257411,829022715,188.5,198.0,186.5,198.0,9.5,3892,3160083.0,178997.0,-7999.0,878800.0,99000.0
2022-09-12,1477,2587635,511750673,199.0,200.5,196.0,197.0,-1.0,2698,2632606.0,-96000.0,18404.0,132572.0,295000.0
2022-09-13,1477,6411394,1310259690,201.5,207.5,199.5,204.5,7.5,5738,4273687.0,131000.0,58.0,1390464.0,985000.0
2022-09-14,1477,5569901,1142765254,201.5,208.5,200.0,205.0,0.5,6166,3564608.0,-10015.0,-22113.0,723778.0,460000.0
2022-09-15,1477,4078770,855498053,208.0,212.5,205.5,210.5,5.5,7937,3456756.0,-87212.0,-30515.0,1554000.0,-19000.0
2022-09-16,1477,4341759,887962216,210.0,211.0,200.5,204.5,-6.0,8749,3166758.0,-158392.0,-27100.0,615019.0,48000.0
2022-09-19,1477,1601769,321905050,204.0,204.0,198.5,201.5,-3.0,3970,1257706.0,28000.0,-6137.0,175000.0,1000.0
2022-09-20,1477,1020662,206370097,204.0,204.0,200.5,202.0,0.5,1052,810659.0,41792.0,-3866.0,184000.0,28000.0
2022-09-21,1477,1199855,241340788,202.0,204.0,199.0,201.0,-1.0,2930,1101133.0,23000.0,78000.0,-45057.0,0.0
2022-09-22,1477,2585132,507167662,197.0,198.0,195.0,196.0,-5.0,5643,2650337.0,47000.0,84743.0,1024000.0,-704000.0
2022-09-23,1477,1717314,338789298,195.5,200.0,194.5,196.0,0.0,3245,1418549.0,-16160.0,6000.0,578000.0,-18000.0
2022-09-26,1477,2007722,382064862,194.0,194.0,187.5,190.0,-6.0,3234,1540566.0,-56693.0,18889.0,376993.0,14000.0
2022-09-27,1477,1252968,243373711,190.5,196.0,190.5,195.0,5.0,3496,1106853.0,33000.0,16071.0,419146.0,1000.0
2022-09-28,1477,1342529,255107592,195.0,195.0,188.0,189.0,-6.0,3005,926566.0,-34000.0,-3624.0,-61797.0,17000.0
2022-09-29,1477,3749762,721265853,193.0,198.0,188.0,192.0,3.0,5833,2042411.0,53280.0,-8781.0,472264.0,0.0
2022-09-30,1477,3544926,646738975,187.0,188.0,178.5,183.5,-8.5,9158,2568023.0,-51000.0,-69344.0,606000.0,-1028000.0
2022-10-03,1477,1959400,352884655,177.0,183.5,176.5,183.0,-0.5,2074,957684.0,-18000.0,7000.0,212000.0,-49000.0
2022-10-04,1477,1050334,197273569,185.5,190.0,185.5,188.0,5.0,856,991022.0,49000.0,-80000.0,180000.0,32000.0
2022-10-05,1477,2870788,540540249,190.0,191.5,183.0,191.0,3.0,3341,1655376.0,-41000.0,-28000.0,745756.0,-62000.0
2022-10-06,1477,2326892,454978208,192.0,198.5,190.5,198.5,7.5,2513,1637201.0,20043.0,-39000.0,846893.0,23000.0
2022-10-07,1477,1633160,323944955,197.0,201.5,195.5,197.5,-1.0,1844,1545821.0,-47000.0,0.0,-113000.0,356000.0
2022-10-11,1477,1595279,311289368,194.5,197.5,193.0,194.5,-3.0,1662,1231364.0,-32196.0,-3000.0,309893.0,31000.0
2022-10-12,1477,2556787,505615266,193.0,201.0,193.0,201.0,6.5,3265,1976415.0,77997.0,6000.0,859638.0,42000.0
2022-10-13,1477,1798739,354169437,200.0,202.0,193.0,196.0,-5.0,6372,1562722.0,-92868.0,-16000.0,46739.0,12000.0
2022-10-14,1477,2769533,558700019,202.0,204.5,198.5,199.0,3.0,2821,2235889.0,45208.0,29298.0,930000.0,35000.0
2022-10-17,1477,1092979,213677900,199.5,199.5,194.0,195.0,-4.0,3415,589421.0,-35001.0,62121.0,19262.0,1000.0
2022-10-18,1477,1277101,251561267,197.0,200.0,194.5,196.5,1.5,1733,931057.0,16000.0,17000.0,83000.0,32000.0
2022-10-19,1477,2928497,594726155,197.5,206.0,197.5,201.5,5.0,3479,1679217.0,75182.0,95338.0,199189.0,50000.0
2022-10-20,1477,3832120,742153222,200.0,200.0,189.5,195.5,-6.0,12320,2284358.0,-13000.0,61243.0,162567.0,127000.0
2022-10-21,1477,1349020,262351384,196.5,198.5,192.0,193.0,-2.5,3214,1286713.0,-2744.0,13000.0,-80000.0,95000.0
2022-10-24,1477,864057,168038807,196.0,197.5,192.5,192.5,-0.5,1864,708734.0,-8745.0,25000.0,26000.0,0.0
2022-10-25,1477,984936,188183709,194.5,194.5,189.0,191.0,-1.5,2804,651600.0,-9005.0,47577.0,15619.0,1000.0
2022-10-26,1477,1000189,193407637,193.5,195.0,191.0,194.5,3.5,1088,776600.0,15794.0,18026.0,105063.0,15000.0
2022-10-27,1477,1441110,287673157,196.0,202.0,195.5,201.5,7.0,1360,1156610.0,25649.0,-738.0,444000.0,171000.0
2022-10-28,1477,697685,140271721,200.5,203.5,198.5,200.5,-1.0,1038,474944.0,-18000.0,4139.0,139000.0,37000.0
2022-10-31,1477,727089,146409321,202.5,204.5,199.5,200.0,-0.5,1092,570833.0,3000.0,-4000.0,-142000.0,34487.0
2022-11-01,1477,577687,117170650,200.0,204.5,199.5,203.5,3.5,803,461059.0,26137.0,9000.0,13000.0,25000.0
2022-11-02,1477,1776208,358593681,204.5,206.5,198.5,201.0,-2.5,4056,1664801.0,-20000.0,8000.0,27321.0,-233000.0
2022-11-03,1477,1724940,343399143,198.5,202.0,197.5,200.5,-0.5,1964,1793056.0,7999.0,16000.0,-80555.0,-108000.0
2022-11-04,1477,7452836,1580174716,203.0,217.0,203.0,215.0,14.5,12961,3338290.0,300500.0,71998.0,1487974.0,255000.0
2022-11-07,1477,1991878,426069396,217.5,217.5,210.5,213.5,-1.5,2736,1362446.0,-55999.0,45000.0,-162000.0,0.0
2022-11-08,1477,1712713,366413112,215.0,216.0,212.0,213.5,0.0,3043,1376366.0,22705.0,6584.0,147800.0,217000.0
2022-11-09,1477,2029384,432806583,216.0,216.5,211.5,212.5,-1.0,3317,1800211.0,-220720.0,-7000.0,120409.0,379000.0
2022-11-10,1477,2153512,460471156,214.5,218.0,210.5,213.0,0.5,3371,1253200.0,1541.0,-14000.0,255000.0,-70000.0
2022-11-11,1477,3375112,738248770,217.0,221.0,212.5,220.5,7.5,2995,2631706.0,100846.0,13414.0,889631.0,13000.0
2022-11-14,1477,2975172,671086656,222.0,229.0,220.5,227.0,6.5,3623,2710441.0,-10942.0,39149.0,1225052.0,17000.0
2022-11-15,1477,2521724,574772598,228.5,231.5,224.0,229.0,2.0,3356,2059763.0,-69762.0,7851.0,639286.0,198000.0
2022-11-16,1477,2951374,663151673,228.5,230.0,222.0,225.0,-4.0,5289,2880733.0,-95889.0,-46000.0,980676.0,47000.0
2022-11-17,1477,3351408,736561363,223.5,225.0,217.5,220.0,-5.0,4729,3712541.0,-37999.0,44000.0,1438539.0,-947626.0
2022-11-18,1477,2159210,482194716,220.0,226.0,219.5,225.0,5.0,5271,1365990.0,-10300.0,-62000.0,574016.0,-138000.0
2022-11-21,1477,1475632,326903457,225.0,226.0,219.5,221.0,-4.0,1546,1749812.0,-13000.0,-17000.0,485924.0,-441000.0
2022-11-22,1477,1718302,374345294,221.5,222.0,215.5,219.0,-2.0,2434,1558428.0,-11000.0,15000.0,629972.0,-459000.0
2022-11-23,1477,1488695,328098164,221.0,222.0,217.5,221.0,2.0,1766,1676969.0,10000.0,-25000.0,436000.0,-137000.0
2022-11-24,1477,2052343,456141450,224.5,226.0,217.5,224.0,3.0,3804,1599336.0,1.0,-1000.0,638000.0,-2000.0
2022-11-25,1477,1370088,300432063,224.0,224.5,217.0,218.0,-6.0,9543,1371028.0,-18000.0,-7000.0,-106000.0,-167000.0
2022-11-28,1477,1374665,301120756,217.0,221.5,214.5,221.0,3.0,1523,1305283.0,34000.0,-38000.0,602000.0,-1000.0
2022-11-29,1477,2008953,451020937,220.0,227.0,219.0,225.0,4.0,2795,2297761.0,19000.0,-22000.0,799700.0,0.0
2022-11-30,1477,3138890,723596280,225.0,233.0,225.0,233.0,8.0,2546,2092325.0,5032.0,81000.0,1037487.0,-31000.0
2022-12-01,1477,1514220,355497364,234.0,238.0,232.0,235.0,2.0,1602,1051386.0,-24142.0,70213.0,420000.0,0.0
2022-12-02,1477,1291612,304122501,235.0,237.5,232.0,236.5,1.5,1150,1152383.0,3450.0,-13000.0,531541.0,31000.0
2022-12-05,1477,2158135,515167699,236.0,241.0,235.0,238.0,1.5,2241,2110006.0,-11000.0,68000.0,934724.0,58000.0
2022-12-06,1477,2026739,482150041,237.0,242.5,234.5,235.0,-3.0,2785,1549221.0,-7000.0,-34000.0,618515.0,76000.0
2022-12-07,1477,1331600,312578989,235.0,238.0,230.5,236.5,1.5,2250,1320975.0,-25998.0,6000.0,321524.0,10000.0
2022-12-08,1477,2078532,500264710,235.0,243.5,235.0,242.0,5.5,1893,1781013.0,22998.0,82000.0,239000.0,350000.0
2022-12-09,1477,2525487,620935987,245.0,250.0,241.5,244.5,2.5,3474,2113133.0,-24623.0,-62999.0,374115.0,354000.0
2022-12-12,1477,858930,209204822,242.0,247.5,240.5,242.5,-2.0,1442,646704.0,-27000.0,-999.0,210955.0,0.0
2022-12-13,1477,1434572,346228204,242.5,245.5,238.5,238.5,-4.0,3230,1290998.0,-5000.0,5000.0,184600.0,-1000.0
2022-12-14,1477,823861,198142742,239.0,243.5,238.0,243.0,4.5,838,807961.0,42000.0,29000.0,244841.0,6000.0
2022-12-15,1477,1731017,426646258,241.0,250.0,240.5,245.0,2.0,1763,1620739.0,-9000.0,4000.0,118000.0,444000.0
2022-12-16,1477,854529,205063280,243.0,244.5,237.5,237.5,-7.5,3981,593828.0,-15000.0,-63000.0,-188061.0,17000.0
2022-12-19,1477,779072,185922959,234.5,243.0,234.5,240.5,3.0,1700,742865.0,-9000.0,-39999.0,-123000.0,34000.0
2022-12-20,1477,1007739,236177519,236.0,239.5,231.0,231.0,-9.5,9128,833503.0,-5000.0,-18000.0,-192074.0,1000.0
2022-12-21,1477,1542105,369794484,232.0,243.0,231.0,240.0,9.0,1854,1190623.0,17971.0,-4000.0,200149.0,284000.0
2022-12-22,1477,1286095,312248553,240.5,247.5,238.5,238.5,-1.5,3386,577397.0,3030.0,13000.0,-32000.0,-23000.0
2022-12-23,1477,510037,121324854,238.5,240.5,235.0,238.5,0.0,656,521448.0,-9000.0,-15000.0,188000.0,-15000.0
2022-12-26,1477,287976,68323170,238.5,240.0,236.0,237.0,-1.5,594,274404.0,-6000.0,-5000.0,-53007.0,-15000.0
2022-12-27,1477,532491,128031345,237.0,242.0,236.5,241.5,4.5,565,643056.0,4000.0,24000.0,226000.0,-51000.0
2022-12-28,1477,834528,200832596,240.5,243.5,237.5,240.5,-1.0,1052,876163.0,-13264.0,-11998.0,354700.0,-37000.0
2022-12-29,1477,2115662,490601360,241.5,241.5,228.5,231.0,-9.5,11779,1814067.0,-19646.0,-76999.0,175943.0,-498000.0
2022-12-30,1477,1181673,276329328,231.0,235.5,231.0,233.0,2.0,2222,1124408.0,12000.0,-24000.0,12000.0,0.0
2023-01-03,1477,2767150,627213225,232.0,234.5,224.0,225.5,-7.5,8697,2821345.0,-5000.0,24000.0,903107.0,-467000.0
2023-01-04,1477,2041736,459295447,227.5,228.5,223.0,224.5,-1.0,2934,2503229.0,-9000.0,42000.0,977262.0,0.0
2023-01-05,1477,1974548,448020864,226.0,230.0,222.5,230.0,5.5,3587,1745431.0,28000.0,-21000.0,188841.0,-30000.0
2023-01-06,1477,1633789,369336325,230.0,230.0,224.0,225.5,-4.5,4025,1623617.0,-14000.0,32000.0,167993.0,98000.0
2023-01-09,1477,1780551,407485741,228.0,233.0,224.0,230.5,5.0,2828,1866460.0,63001.0,12000.0,470001.0,-163000.0
2023-01-10,1477,1265054,288048048,230.0,231.5,226.0,226.5,-4.0,4035,1431053.0,-23000.0,-18000.0,-52000.0,100000.0
2023-01-11,1477,964832,218654230,227.5,229.0,224.5,227.5,1.0,3271,,-15000.0,-2000.0,212000.0,-14000.0
2023-01-12,1477,913609,207509273,228.0,229.0,225.0,228.0,0.5,1348,1137115.0,0.0,-11000.0,362000.0,0.0
2023-01-13,1477,1878076,434910399,228.5,234.5,226.0,231.5,3.5,2494,1805539.0,73114.0,20000.0,67403.0,247000.0
2023-01-16,1477,1772541,401433411,231.5,231.5,224.0,227.0,-4.5,9821,1961034.0,-49000.0,2000.0,-555032.0,49000.0
2023-01-17,1477,2662493,620389686,227.0,237.5,227.0,234.0,7.0,2202,2582417.0,-14186.0,-78000.0,975364.0,0.0
2023-01-30,1477,3162048,729863829,236.0,240.5,226.5,228.0,-6.0,2655,2858869.0,-10476.0,5000.0,-204291.0,-3000.0
2023-01-31,1477,5327095,1164044789,226.5,226.5,215.0,218.0,-10.0,4422,5767066.0,1499.0,-72000.0,1264059.0,-1460000.0
2023-02-01,1477,4112049,885824001,219.0,219.5,211.5,216.5,-1.5,3477,4224482.0,14737.0,50000.0,574258.0,-1550000.0
2023-02-02,1477,3528975,757577656,216.5,217.0,212.0,216.0,-0.5,2867,3314338.0,16650.0,6000.0,671303.0,-1744000.0
2023-02-03,1477,2304045,505643964,217.0,221.0,216.0,220.5,4.5,2014,1975373.0,23000.0,36000.0,304286.0,-48000.0
2023-02-06,1477,1519756,336197169,219.0,223.5,218.5,221.0,0.5,1136,1512985.0,-1395.0,-13000.0,48714.0,59000.0
2023-02-07,1477,3237751,731057318,223.0,229.0,222.5,225.0,4.0,2223,2898562.0,46316.0,-32106.0,229134.0,-276000.0
2023-02-08,1477,2343311,534172612,224.5,229.5,224.0,228.0,3.0,1752,2210277.0,-72649.0,-35000.0,-658000.0,457000.0
2023-02-09,1477,1434001,322685590,227.0,229.0,223.0,224.0,-4.0,1216,1365178.0,-182.0,-43000.0,41000.0,-15000.0
2023-02-10,1477,2087959,455381591,223.5,223.5,216.5,216.5,-7.5,2021,1997791.0,-25662.0,-16000.0,-113912.0,-538000.0
2023-02-13,1477,911519,197054457,217.5,218.0,214.0,216.5,0.0,811,1169499.0,-2745.0,6000.0,276689.0,-101205.0
2023-02-14,1477,973865,214086792,218.0,221.0,218.0,221.0,4.5,954,1174476.0,1001.0,94000.0,429262.0,0.0
2023-02-15,1477,811962,179920044,220.0,222.5,220.0,221.5,0.5,870,606117.0,3000.0,47000.0,186000.0,-139000.0
2023-02-16,1477,885535,195657374,223.0,223.0,219.5,221.0,-0.5,875,888989.0,1828.0,-11000.0,30175.0,-88000.0
2023-02-17,1477,1826690,395230273,221.0,221.0,215.0,215.5,-5.5,1693,1767751.0,-6737.0,-18000.0,-535000.0,-96000.0
2023-02-20,1477,1694737,365422119,215.5,218.5,213.5,217.5,2.0,1365,1568119.0,23430.0,-30000.0,-456097.0,-65000.0
2023-02-21,1477,912347,199576210,217.5,220.0,216.5,219.0,1.5,694,968845.0,9999.0,-16000.0,-136000.0,0.0
2023-02-22,1477,1214548,265961377,217.5,220.5,215.5,219.5,0.5,927,1280618.0,-15606.0,2000.0,-45893.0,0.0
2023-02-23,1477,1508616,331075366,219.5,221.5,218.0,218.5,-1.0,1059,1943565.0,2973.0,6000.0,-540225.0,0.0
2023-02-24,1477,1721365,369798134,218.5,219.0,213.0,214.5,-4.0,1630,1926040.0,-10184.0,3000.0,-938000.0,-2000.0
2023-03-01,1477,3691978,774192683,202.0,217.0,201.0,215.5,1.0,2993,2465248.0,42696.0,-54000.0,-477947.0,164000.0
2023-03-02,1477,1972176,431501798,215.5,223.0,215.5,218.0,2.5,1515,1819955.0,-12910.0,21000.0,813000.0,0.0
2023-03-03,1477,2607818,560008938,220.0,220.0,212.0,212.5,-5.5,2624,2154846.0,-22263.0,180000.0,-877850.0,-1000.0
2023-03-06,1477,2822534,589414742,209.5,211.0,206.0,209.5,-3.0,2730,1871869.0,2803.0,216000.0,-940369.0,-301000.0
2023-03-07,1477,3202325,687412158,209.5,218.5,209.5,217.0,7.5,2763,3158585.0,37314.0,81000.0,604900.0,338000.0
2023-03-08,1477,1517088,332070017,215.5,220.5,215.0,218.5,1.5,2180,1389041.0,7000.0,119000.0,7755.0,0.0
2023-03-09,1477,1004012,220270664,219.0,220.5,217.0,219.0,0.5,1984,1196234.0,9000.0,92000.0,140003.0,-2000.0
2023-03-10,1477,757528,163773478,217.0,217.5,215.0,216.0,-3.0,2254,895430.0,-18000.0,8000.0,-427997.0,0.0
2023-03-13,1477,1348795,295887014,214.0,222.0,213.5,221.5,5.5,1346,1519752.0,8909.0,83000.0,129631.0,301000.0
2023-03-14,1477,1678523,362393673,218.5,219.0,214.0,214.0,-7.5,3561,1851677.0,-2109.0,8000.0,-840000.0,69000.0
2023-03-15,1477,3070234,683132179,222.0,225.0,218.5,223.5,9.5,2661,2561570.0,10321.0,282000.0,-69300.0,301000.0
2023-03-16,1477,1854895,406094023,221.5,222.0,217.0,218.0,-5.5,5126,2015342.0,-13922.0,205000.0,-1025000.0,-55000.0
2023-03-17,1477,1196420,264314855,220.0,222.5,218.0,221.0,3.0,1467,911293.0,9481.0,-10000.0,-70994.0,150000.0
2023-03-20,1477,1710096,382363802,221.0,226.0,220.0,222.5,1.5,2837,1873776.0,8774.0,-17000.0,-416999.0,341000.0
2023-03-21,1477,2052231,464403964,223.0,228.0,222.5,227.5,5.0,2966,2350133.0,16655.0,132000.0,-646000.0,351000.0
2023-03-22,1477,2033843,465739781,228.5,231.0,227.0,228.5,1.0,3241,2373115.0,-15949.0,54000.0,-233536.0,120839.0
2023-03-23,1477,1815513,419353798,227.5,232.5,227.0,232.5,4.0,1880,1695240.0,-11725.0,336000.0,232000.0,-71000.0
2023-03-24,1477,2478176,576722345,235.0,235.0,230.5,231.5,-1.0,4281,3248845.0,514000.0,131000.0,-524328.0,-300000.0
2023-03-27,1477,2671314,627013033,233.0,237.0,232.0,236.0,4.5,2554,3155377.0,539128.0,108000.0,-128101.0,-3000.0
2023-03-28,1477,3596931,848700838,237.0,238.0,233.5,236.0,0.0,5006,5306547.0,542308.0,-32000.0,-461000.0,401000.0
2023-03-29,1477,3346753,787765807,236.0,238.0,233.5,235.5,-0.5,8865,3977694.0,597000.0,67000.0,-351000.0,80000.0
2023-03-30,1477,5577730,1268978706,235.5,235.5,218.5,221.5,0.0,3979,7761703.0,-2153259.0,-139000.0,1955675.0,-5000.0
2023-03-31,1477,1971816,430295635,221.5,222.0,216.0,216.0,-5.5,1880,1663320.0,-6470.0,8000.0,-704441.0,-58531.0
2023-04-06,1477,1898083,407011252,215.0,216.0,212.0,215.5,-0.5,1754,1760905.0,888.0,6000.0,-37953.0,0.0
2023-04-07,1477,496317,107820522,215.5,218.5,215.5,218.0,2.5,527,475727.0,-11508.0,10000.0,-64000.0,0.0
2023-04-10,1477,880500,192754451,219.5,220.0,217.5,219.5,1.5,840,1129112.0,1000.0,6000.0,-5000.0,-1000.0
2023-04-11,1477,1411770,312031510,219.5,222.5,219.5,222.0,2.5,1358,1636760.0,14956.0,26000.0,482532.0,0.0
2023-04-12,1477,1093036,243852844,223.0,225.0,221.5,223.5,1.5,868,1327882.0,15791.0,6000.0,476000.0,-1000.0
2023-04-13,1477,727543,161979307,223.5,224.0,221.5,222.5,-1.0,968,867761.0,-18000.0,-9000.0,272000.0,0.0
2023-04-14,1477,2307139,523331779,224.0,230.0,223.5,228.0,5.5,1939,2686445.0,39397.0,46773.0,1433010.0,-387000.0
2023-04-17,1477,1367763,306313794,227.5,228.0,222.5,224.0,-4.0,3081,1449168.0,-39000.0,8076.0,281000.0,-634000.0
2023-04-18,1477,1478475,329376234,223.0,224.5,221.0,222.5,-1.5,1204,2039267.0,-4164.0,-35842.0,657374.0,-811000.0
2023-04-19,1477,828102,184854434,221.5,224.5,221.0,223.5,1.0,1079,887406.0,4000.0,-74532.0,269000.0,-79000.0
2023-04-20,1477,932568,204928776,223.5,223.5,218.0,218.0,-5.5,4263,892802.0,-4494.0,2000.0,-274000.0,0.0
2023-04-21,1477,910540,199073846,218.0,220.5,217.0,218.0,0.0,764,697542.0,-3357.0,16108.0,-48000.0,3000.0
2023-04-24,1477,879777,193678632,217.5,222.0,217.0,220.5,2.5,1343,883283.0,4135.0,3398.0,152452.0,0.0
2023-04-25,1477,841222,183829087,220.5,221.5,216.5,217.0,-3.5,1420,1037565.0,-9721.0,7996.0,-224000.0,1000.0
2023-04-26,1477,1284539,285706342,217.0,225.0,216.0,225.0,8.0,1793,966960.0,37541.0,41406.0,226000.0,16000.0
2023-04-27,1477,1133368,254116173,224.5,226.0,221.5,223.5,-1.5,1530,1276599.0,-8999.0,45000.0,233000.0,-6000.0
2023-04-28,1477,1301146,290966540,224.0,225.0,222.0,222.5,-1.0,1313,1181032.0,-1000.0,8000.0,107000.0,0.0
2023-05-02,1477,878195,197004097,222.5,226.0,222.0,225.5,3.0,2001,778150.0,0.0,10000.0,128980.0,7000.0
2023-05-03,1477,1356244,309674908,224.5,230.0,224.5,228.0,2.5,1429,1390973.0,31000.0,12388.0,744524.0,-60000.0
2023-05-04,1477,1811475,420248252,227.0,234.0,227.0,231.5,3.5,2061,1586632.0,16047.0,-130606.0,799000.0,120000.0
2023-05-05,1477,1280336,292909420,233.0,233.0,226.5,226.5,-5.0,4188,1287275.0,-5949.0,-109000.0,-344000.0,26000.0
2023-05-08,1477,925037,212864602,228.5,231.5,228.0,231.0,4.5,977,955406.0,6212.0,-152000.0,361828.0,0.0
2023-05-09,1477,1253244,285276799,230.0,231.0,225.0,227.5,-3.5,1732,1410924.0,-3791.0,9000.0,102000.0,-2000.0
2023-05-10,1477,559212,126997349,229.0,229.0,226.0,227.5,0.0,1076,511373.0,-12000.0,-48960.0,77167.0,-1000.0
2023-05-11,1477,1019973,231617151,227.5,229.0,225.0,226.0,-1.5,835,1134262.0,3001.0,-76950.0,350251.0,-174000.0
2023-05-12,1477,868369,198383515,225.5,230.5,224.0,229.5,3.5,1542,934590.0,33000.0,-102000.0,234004.0,0.0
2023-05-15,1477,1112522,255060449,229.0,233.5,228.0,228.5,-1.0,3412,1120690.0,2000.0,14000.0,80262.0,1000.0
2023-05-16,1477,1347075,305378481,227.5,230.0,225.0,225.5,-3.0,4852,1831315.0,2000.0,-5000.0,-498000.0,-25000.0
2023-05-17,1477,1399734,314922357,226.0,226.5,224.0,224.5,-1.0,9447,1683924.0,11000.0,135000.0,-47820.0,-211000.0
2023-05-18,1477,1166325,265080951,224.5,228.5,224.5,227.0,2.5,1391,1469375.0,-15000.0,-59000.0,237000.0,0.0
2023-05-19,1477,1729852,399513188,226.5,233.0,226.5,230.5,3.5,2126,1186970.0,10096.0,-50000.0,502150.0,0.0
2023-05-22,1477,2754706,624223478,232.0,232.0,224.5,227.5,-3.0,13760,3355532.0,-6396.0,-68000.0,10631.0,0.0
2023-05-23,1477,796308,180208807,227.0,228.0,225.0,225.5,-2.0,793,1173473.0,-8000.0,-15000.0,125262.0,9000.0
2023-05-24,1477,1059638,237712958,225.5,226.0,223.0,224.0,-1.5,927,1158446.0,-6720.0,1851.0,-185978.0,0.0
2023-05-25,1477,1249556,277500990,224.5,224.5,220.0,222.5,-1.5,1186,1116081.0,9988.0,-84301.0,-499172.0,-2000.0
2023-05-26,1477,1478400,324331929,221.0,223.0,218.0,218.5,-4.0,1643,1078552.0,1203.0,-12685.0,-403000.0,-45000.0
2023-05-29,1477,898251,197158528,220.0,221.5,218.5,219.0,0.5,922,945653.0,-2100.0,-1435.0,50304.0,-1000.0
2023-05-30,1477,1842226,397695808,220.0,220.0,214.0,216.0,-3.0,1793,1992996.0,384.0,-116444.0,-916222.0,0.0
2023-05-31,1477,1218122,263673745,216.0,218.0,215.0,218.0,2.0,1027,1422491.0,5713.0,59000.0,-254575.0,1000.0
2023-06-01,1477,1467237,323881625,219.0,223.5,217.0,222.5,4.5,1311,1352551.0,12000.0,10820.0,206107.0,2000.0
2023-06-02,1477,6052442,1397743978,225.0,234.0,224.5,231.5,9.0,4260,4919723.0,51429.0,63626.0,2621962.0,-2000.0
2023-06-05,1477,3678846,857659018,230.0,238.5,227.0,227.5,-4.0,11034,2608238.0,-39603.0,285246.0,-880229.0,0.0
2023-06-06,1477,3177351,714184478,228.5,228.5,221.5,223.5,-4.0,8746,3518266.0,53016.0,181568.0,-1417590.0,-22701.0
2023-06-07,1477,1227051,277519259,224.0,228.0,222.0,227.0,3.5,1678,1258943.0,10092.0,-7000.0,135336.0,0.0
2023-06-08,1477,1510160,346186600,227.0,232.0,227.0,227.0,0.0,1531,1341194.0,-62000.0,-39000.0,71000.0,-1000.0
2023-06-09,1477,973168,222448381,228.0,229.5,226.0,228.0,1.0,904,947140.0,-2472.0,15389.0,-104289.0,26000.0
2023-06-12,1477,1026769,234236664,228.0,229.5,227.0,228.0,0.0,2268,1217305.0,-6000.0,-7000.0,-44130.0,0.0
2023-06-13,1477,1759993,404570826,229.0,232.0,225.5,231.0,3.0,1465,2109364.0,6018.0,50564.0,109881.0,19000.0
2023-06-14,1477,2215317,512036375,231.0,233.5,229.0,231.0,0.0,2281,2023458.0,102.0,151000.0,-624463.0,-131000.0
2023-06-15,1477,10217850,2571060895,236.0,254.0,235.0,254.0,23.0,5509,6468500.0,-28712.0,611996.0,1380598.0,0.0
2023-06-16,1477,17787466,4751834306,262.5,273.5,261.0,264.0,10.0,14069,12881174.0,120599.0,71648.0,-2848947.0,3383000.0
2023-06-19,1477,11030309,2884560431,269.0,270.5,256.5,260.0,-4.0,11048,10814174.0,-2483.0,163000.0,-2579166.0,2852000.0
2023-06-20,1477,11188361,2918384345,260.5,268.0,248.0,266.5,6.5,15425,9671950.0,82250.0,-9681.0,-3218171.0,3007000.0
2023-06-21,1477,13054903,3541843587,269.0,276.5,263.5,272.5,6.0,14883,9617380.0,6560.0,326881.0,-1658857.0,3021000.0
2023-06-26,1477,7349936,1969949833,269.0,272.0,263.5,266.0,-6.5,12888,6053043.0,58170.0,182000.0,-1826250.0,1290000.0
2023-06-27,1477,6109131,1649707956,264.0,273.5,263.5,270.5,4.5,9222,4093267.0,-63138.0,-173781.0,-54972.0,751000.0
2023-06-28,1477,11318407,3216657175,274.5,289.5,273.0,289.5,19.0,9799,6694654.0,76013.0,203984.0,-2209640.0,1983000.0
2023-06-29,1477,8366346,2438866810,289.5,298.5,283.5,298.5,9.0,9340,4561499.0,109778.0,388640.0,-1061980.0,359000.0
2023-06-30,1477,8332849,2503901809,300.0,304.0,292.5,302.0,3.5,9018,4142822.0,-12370.0,281787.0,-505558.0,591000.0
2023-07-03,1477,8996263,2779509699,305.0,320.0,298.0,307.5,5.5,11131,5354797.0,186748.0,517850.0,-381871.0,243000.0
2023-07-04,1477,9891556,3130499800,314.5,321.5,311.0,315.0,7.5,14993,6140658.0,381365.0,423385.0,523966.0,144000.0
2023-07-05,1477,6334431,1950836850,314.0,315.0,305.0,306.5,-8.5,14087,4155664.0,-115777.0,-21236.0,714000.0,-115000.0
2023-07-06,1477,6123669,1859470958,305.0,310.0,299.5,303.0,-3.5,5084,3266252.0,5256.0,-70293.0,627568.0,4000.0
2023-07-07,1477,5426547,1628768076,302.5,304.5,293.0,301.0,-2.0,4322,3215408.0,55321.0,-293072.0,709370.0,183000.0
2023-07-10,1477,4530586,1389239130,307.5,312.5,302.0,307.0,6.0,4073,2757687.0,14000.0,64769.0,298300.0,382000.0
2023-07-11,1477,4029066,1224784101,306.5,307.0,300.5,305.5,-1.5,3436,2966369.0,-27068.0,-27989.0,1099800.0,106000.0
2023-07-12,1477,4948103,1520718335,307.5,312.5,303.5,305.0,-0.5,5315,2987186.0,-11912.0,60103.0,221900.0,235174.0
2023-07-13,1477,3421162,1041137237,308.0,310.0,299.0,301.0,-4.0,3760,1743936.0,-46464.0,16251.0,556380.0,-101000.0
2023-07-14,1477,7337945,2278983993,309.0,317.0,303.0,304.0,3.0,5646,3878428.0,-19799.0,-119542.0,934000.0,-128000.0
2023-07-17,1477,4771418,1428546086,302.0,305.0,293.0,301.0,-3.0,4098,2798905.0,-84717.0,-22070.0,135000.0,-137551.0
2023-07-18,1477,3612203,1085724354,309.5,309.5,293.0,299.0,-2.0,4625,2884891.0,-25961.0,-170258.0,968000.0,-69000.0
2023-07-19,1477,3200385,950114409,303.5,304.0,293.0,296.5,-2.5,3011,2197693.0,-99953.0,-606789.0,645072.0,-70000.0
2023-07-20,1477,2674814,804751719,297.0,303.5,296.5,303.5,7.0,1945,2266566.0,-4400.0,22975.0,989000.0,-78000.0
2023-07-21,1477,3468459,1049386500,302.0,307.0,297.0,306.5,3.0,3454,2452750.0,-145722.0,-29257.0,-343999.0,-58000.0
2023-07-24,1477,3950047,1183766133,306.5,307.0,296.0,297.0,-9.5,3910,2851732.0,-219525.0,-5870.0,279008.0,-486000.0
2023-07-25,1477,3413409,1005725710,298.0,301.5,292.0,295.5,-1.5,3201,2654212.0,-113967.0,-103472.0,999305.0,-664000.0
2023-07-26,1477,2082555,605632583,296.5,296.5,288.0,291.5,-4.0,2222,1732236.0,-120004.0,-203114.0,555660.0,-50000.0
2023-07-27,1477,1968014,572304292,290.0,295.0,285.0,292.0,0.5,2046,1568922.0,-13287.0,-111487.0,298760.0,4000.0
2023-07-28,1477,1521686,451147461,292.5,299.5,291.0,297.0,5.0,2828,989406.0,-60000.0,50737.0,104520.0,38000.0
2023-07-31,1477,7499826,2339438919,301.0,319.5,301.0,311.5,14.5,6244,3965098.0,73574.0,187167.0,399883.0,224000.0
2023-08-01,1477,6030461,1861792821,315.0,317.5,303.0,308.5,-3.0,8309,4062788.0,-100648.0,26476.0,774498.0,-95000.0
2023-08-02,1477,3763370,1148264067,312.0,313.0,299.5,301.0,-7.5,3706,2685640.0,-28965.0,3437.0,551562.0,143000.0
2023-08-04,1477,9107514,2859989972,306.0,319.5,303.5,316.0,15.0,7480,5484077.0,137704.0,-479001.0,2052420.0,465794.0
2023-08-07,1477,6084145,1861329226,317.0,318.0,295.5,307.0,-9.0,10232,3363341.0,-142959.0,-325190.0,-421000.0,461000.0
2023-08-08,1477,3400646,1061246760,307.0,316.0,306.0,313.0,6.0,3885,2620537.0,12202.0,-12754.0,764280.0,55000.0
2023-08-09,1477,2358303,729798242,310.0,313.0,304.5,309.5,-3.5,4469,1863811.0,-104173.0,-136884.0,19000.0,373000.0
2023-08-10,1477,2573414,781312713,311.0,311.5,298.5,302.5,-7.0,2445,2110584.0,-52295.0,-233469.0,82000.0,138968.0
2023-08-11,1477,2979615,921027387,306.0,312.0,304.5,308.0,5.5,2534,2131647.0,22128.0,-153047.0,705140.0,152000.0
2023-08-14,1477,1677270,512196856,308.0,310.0,302.0,306.0,-2.0,2585,1485581.0,-41000.0,-21545.0,-165250.0,354458.0
2023-08-15,1477,2559032,767082691,305.0,306.0,297.0,297.5,-8.5,3210,2090828.0,13525.0,-38621.0,-760000.0,47000.0
2023-08-16,1477,2827346,851871320,299.0,305.0,296.0,302.0,4.5,2282,2402452.0,-4165.0,-80157.0,329520.0,729000.0
2023-08-17,1477,1606477,486247143,299.0,307.0,297.5,304.5,2.5,1702,1305853.0,9418.0,53440.0,117660.0,21000.0
2023-08-18,1477,1814108,544534679,307.0,308.5,295.5,298.0,-6.5,6651,1714591.0,-24000.0,21742.0,-463396.0,2000.0
2023-08-21,1477,1034622,310777028,300.0,304.5,297.5,299.5,1.5,1413,1058259.0,19000.0,76025.0,305200.0,0.0
2023-08-22,1477,4619206,1436981954,313.0,315.0,302.5,314.0,14.5,4532,3100996.0,25419.0,13432.0,1137100.0,502000.0
2023-08-23,1477,8301852,2700777857,318.0,332.0,314.0,331.5,17.5,14009,5071323.0,100423.0,335000.0,-1650351.0,1230000.0
2023-08-24,1477,6071570,2016694760,328.5,340.0,322.0,334.5,3.0,7814,3409449.0,-64900.0,123842.0,-609116.0,611000.0
2023-08-25,1477,5897896,2002910317,331.5,343.0,331.0,337.0,2.5,5071,4467968.0,-63519.0,-147528.0,-1115436.0,1051000.0
2023-08-28,1477,4566480,1505243123,335.0,336.0,316.0,332.0,-5.0,9441,3269004.0,-46934.0,-70341.0,-696411.0,281000.0
2023-08-29,1477,2330002,777703062,327.0,339.0,325.0,336.0,4.0,2720,1437756.0,37156.0,-37209.0,-335820.0,648000.0
2023-08-30,1477,2345323,783684101,345.0,345.0,330.0,334.5,-1.5,2247,1603278.0,-31890.0,94000.0,60400.0,-246552.0
2023-08-31,1477,2453152,811841889,330.0,334.5,326.5,334.5,0.0,2069,1994691.0,-21008.0,-102028.0,522240.0,-16000.0
2023-09-01,1477,1786886,589124219,335.0,335.0,327.0,327.0,-7.5,2310,1770350.0,-21335.0,31769.0,416660.0,62169.0
2023-09-04,1477,2200490,724804487,329.5,333.5,327.0,329.0,2.0,1874,2583705.0,1803.0,220736.0,877021.0,-417647.0
2023-09-05,1477,5477623,1861963514,331.0,347.0,329.5,342.5,13.5,4700,3739857.0,51489.0,-187000.0,1275088.0,167707.0
2023-09-06,1477,3130340,1084029001,342.5,349.0,341.5,345.5,3.0,2766,2981540.0,-73940.0,-166803.0,-744160.0,619123.0
2023-09-07,1477,1952416,664673016,345.5,345.5,338.0,340.0,-5.5,1752,2287598.0,-47700.0,-49975.0,-322920.0,45000.0
2023-09-08,1477,3108393,1081375825,345.0,353.0,341.5,344.0,4.0,2726,1750364.0,31161.0,-48902.0,-389020.0,637000.0
2023-09-11,1477,1932272,656610954,349.5,349.5,335.5,339.5,-4.5,1866,1560322.0,-33424.0,-278000.0,-195440.0,240000.0
2023-09-12,1477,2351158,794032183,339.0,343.0,333.0,334.5,-5.0,2227,2074526.0,5831.0,-10355.0,195015.0,370000.0
2023-09-13,1477,3165148,1041734459,333.0,334.5,325.5,329.5,-5.0,2905,3443253.0,-6272.0,31140.0,726769.0,-16000.0
2023-09-14,1477,1845014,607358661,330.0,332.5,324.0,330.0,0.5,1755,1759828.0,7964.0,-83092.0,292500.0,-350000.0
2023-09-15,1477,2779228,930479202,334.5,341.5,330.5,332.5,2.5,2329,2252059.0,48816.0,-31893.0,361621.0,-39000.0
2023-09-18,1477,2536567,825564257,333.0,334.5,321.5,326.0,-6.5,2969,1935234.0,-44469.0,-120032.0,-182996.0,-367000.0
2023-09-19,1477,2732591,874626837,326.5,326.5,318.0,319.0,-7.0,2632,2363027.0,-20809.0,4189.0,367700.0,-126000.0
2023-09-20,1477,1486040,475578280,322.0,324.0,317.0,318.0,-1.0,2157,1360577.0,-39873.0,-42008.0,-217000.0,109000.0
2023-09-21,1477,1855255,589775967,316.0,321.0,313.5,319.5,1.5,2556,1627005.0,51655.0,-123351.0,-218979.0,129000.0
2023-09-22,1477,2453630,799475191,318.0,328.5,316.5,328.0,8.5,6108,1886835.0,49873.0,-124363.0,167000.0,93000.0
2023-09-25,1477,1109671,365204124,331.5,332.5,326.5,326.5,-1.5,1117,993619.0,-29489.0,2939.0,-75000.0,67000.0
2023-09-26,1477,911262,294448869,326.5,326.5,320.5,321.5,-5.0,922,951837.0,-11299.0,31841.0,-20600.0,-70000.0
2023-09-27,1477,1826038,601686936,322.5,332.5,321.0,331.0,9.5,1945,1652053.0,20402.0,-8000.0,577140.0,-60000.0
2023-09-28,1477,2594159,871229308,333.5,339.0,328.5,336.0,5.0,2429,2284618.0,44436.0,3129.0,-91726.0,554000.0
2023-10-02,1477,1561742,531178675,339.5,344.0,336.5,339.5,3.5,1623,1150009.0,-11760.0,21576.0,444533.0,85000.0
2023-10-03,1477,1718498,589486881,339.5,346.0,336.0,343.0,3.5,1663,1591552.0,48925.0,-8333.0,182000.0,72000.0
2023-10-04,1477,1834088,621456676,332.0,344.0,331.0,339.0,-4.0,1701,1690131.0,20641.0,-239650.0,43760.0,15000.0
2023-10-05,1477,1556186,532790841,340.5,344.5,337.0,343.0,4.0,1457,1708244.0,15718.0,-69000.0,-339000.0,-10000.0
2023-10-06,1477,1600005,549550546,343.0,346.5,339.5,344.0,1.0,1597,1334978.0,31315.0,30003.0,181290.0,-447000.0
2023-10-11,1477,2801616,981992809,349.0,354.0,343.0,353.5,9.5,2667,2841855.0,38450.0,42332.0,1041134.0,-123000.0
2023-10-12,1477,2070673,733294920,355.0,357.5,347.5,357.0,3.5,2137,2173265.0,-13994.0,-4935.0,-312560.0,88000.0
2023-10-13,1477,1634228,588355009,357.0,364.0,354.5,360.0,3.0,1712,1391743.0,97860.0,6000.0,229866.0,-24000.0
2023-10-16,1477,1905172,690011691,357.0,367.0,356.5,362.0,2.0,1521,1439402.0,39007.0,-44960.0,244000.0,26000.0
2023-10-17,1477,1892255,694143816,366.0,370.0,363.5,365.0,3.0,2028,1623929.0,110904.0,32020.0,273264.0,30000.0
2023-10-18,1477,2662171,980783561,367.5,373.5,363.0,368.0,3.0,2239,1719131.0,151240.0,-9000.0,118028.0,98000.0
2023-10-19,1477,1764011,643584430,367.0,372.0,360.5,362.5,-5.5,1824,1734722.0,159695.0,136000.0,-98145.0,-105000.0
2023-10-20,1477,1030194,370492816,361.5,362.0,356.5,360.5,-2.0,1039,1199365.0,44580.0,5000.0,377677.0,-136000.0
2023-10-23,1477,833554,299043227,359.0,362.0,356.5,356.5,-4.0,862,1128194.0,32064.0,2167.0,452281.0,-167000.0
2023-10-24,1477,1087921,387776582,356.5,359.5,354.0,359.0,2.5,1089,1304177.0,24348.0,70000.0,491135.0,-90396.0
2023-10-25,1477,1660974,606886319,363.5,368.5,358.0,368.5,9.5,1632,1389404.0,41061.0,-154000.0,247140.0,53000.0
2023-10-26,1477,1691834,616595504,364.5,372.5,360.5,360.5,-8.0,2072,1716708.0,30817.0,-37000.0,-506210.0,52000.0
2023-10-27,1477,653931,233621981,361.0,362.0,355.0,355.5,-5.0,818,615819.0,8136.0,39000.0,-172450.0,11000.0
2023-10-30,1477,778139,277483294,355.5,360.5,353.5,358.5,3.0,793,836744.0,16296.0,31000.0,-74828.0,-113000.0
2023-10-31,1477,1312549,477685983,358.5,367.5,357.0,361.5,3.0,1170,1174237.0,78142.0,-151000.0,-275300.0,548000.0
2023-11-01,1477,1189339,432991639,364.0,369.0,360.0,366.0,4.5,1144,984033.0,6737.0,14000.0,15520.0,75447.0
2023-11-02,1477,3801378,1440765786,377.0,388.5,369.0,384.0,18.0,3688,2005903.0,38853.0,-65229.0,145000.0,563000.0
2023-11-03,1477,1823112,693618453,386.0,388.0,377.0,381.0,-3.0,2123,1698690.0,-27396.0,252000.0,-589480.0,232000.0
2023-11-06,1477,2250795,876391728,385.0,394.0,382.0,390.0,9.0,2285,2029174.0,19803.0,-178000.0,473520.0,450213.0
2023-11-07,1477,1733270,681476430,391.0,396.0,388.5,395.0,5.0,1827,1791973.0,312.0,-20000.0,-233597.0,60000.0
2023-11-08,1477,1112617,434263069,393.0,393.5,388.5,389.5,-5.5,1176,1085486.0,-30806.0,-23855.0,-278807.0,169000.0
2023-11-09,1477,2186143,869697848,391.0,402.0,389.5,399.5,10.0,2170,1691418.0,54262.0,-83975.0,-231750.0,356475.0
2023-11-10,1477,1584249,631843983,395.0,403.0,395.0,398.5,-1.0,1652,1942304.0,641.0,-17000.0,-70330.0,-193000.0
2023-11-13,1477,1373809,537473724,401.5,401.5,388.0,389.5,-9.0,2063,1477512.0,-75267.0,-96000.0,-83280.0,12489.0
2023-11-14,1477,2339058,890709835,391.0,392.0,376.0,378.5,-11.0,4414,2062154.0,-3106.0,0.0,129881.0,-539000.0
2023-11-15,1477,3675222,1368520580,380.0,383.5,366.5,374.5,-4.0,3732,3973174.0,-36771.0,49100.0,991131.0,-1009000.0
2023-11-16,1477,2192977,805639040,374.5,377.5,364.5,365.5,-9.0,2451,1927998.0,-3975.0,-27.0,358040.0,-422341.0
2023-11-17,1477,1483170,544828550,368.0,372.0,363.5,367.0,1.5,1543,1469717.0,-11499.0,-88219.0,-182500.0,-30033.0
2023-11-20,1477,967991,358835491,367.0,374.0,364.0,370.5,3.5,1072,831575.0,14000.0,-1400.0,75180.0,-190000.0
2023-11-21,1477,1070597,394583158,371.0,374.0,365.5,365.5,-5.0,1363,915646.0,-52594.0,-57457.0,-254350.0,-19000.0
2023-11-22,1477,2189715,786086191,363.5,364.0,356.0,358.5,-7.0,2578,2128991.0,-4410.0,81760.0,-111789.0,-180000.0
2023-11-23,1477,1995377,725176417,361.0,369.0,358.5,364.0,5.5,1831,1778535.0,14066.0,-6200.0,119994.0,210794.0
2023-11-24,1477,1553900,572415122,365.5,371.0,364.5,366.5,2.5,1630,1208410.0,17274.0,-5683.0,-228000.0,155794.0
2023-11-27,1477,1675130,619971981,368.0,373.0,364.0,368.5,2.0,1814,1939120.0,-4666.0,-27529.0,-547000.0,528000.0
2023-11-28,1477,1380714,518322055,373.0,379.0,372.5,373.0,4.5,1526,1152421.0,13327.0,-28800.0,196900.0,-46000.0
2023-11-29,1477,2547554,929738056,374.5,375.5,361.0,365.0,-8.0,2726,2268729.0,-31869.0,41064.0,37262.0,-575000.0
2023-11-30,1477,2610386,939008334,367.5,367.5,357.5,358.0,-7.0,2770,2375049.0,-2220.0,37657.0,28742.0,-712000.0
2023-12-01,1477,1153476,413427910,361.0,362.5,356.0,358.0,0.0,1324,1320735.0,-3760.0,-5509.0,241000.0,-518000.0
2023-12-04,1477,1114264,396714759,358.0,360.0,353.5,356.0,-2.0,1342,1066789.0,-4655.0,-1553.0,228100.0,-503000.0
2023-12-05,1477,6422743,2188487703,358.5,359.0,333.0,343.5,-12.5,6627,5091002.0,-5700.0,-76500.0,391416.0,-784000.0
2023-12-06,1477,2465995,862579717,347.5,352.0,345.0,349.0,5.5,2390,2581969.0,25848.0,35621.0,-447565.0,-2807.0
2023-12-07,1477,3240334,1143356551,350.0,358.0,349.0,349.0,0.0,2925,3506761.0,-8124.0,29792.0,-731780.0,501000.0
2023-12-08,1477,1518665,535359310,350.0,354.5,350.0,351.5,2.5,1583,1811125.0,-30304.0,-6300.0,-158780.0,-62000.0
2023-12-11,1477,1620925,564602240,351.5,352.5,343.5,348.0,-3.5,1619,1448223.0,-5902.0,12600.0,-69000.0,18000.0
2023-12-12,1477,2231387,764920527,348.5,350.5,340.0,343.0,-5.0,2329,2204284.0,-33637.0,260165.0,-124300.0,-618000.0
2023-12-13,1477,2438611,851313115,344.5,354.0,342.0,349.0,6.0,1920,2679250.0,-36695.0,-25100.0,-333835.0,-113000.0
2023-12-14,1477,2523761,893469236,354.5,359.0,350.0,353.0,4.0,1994,2076104.0,-63873.0,44900.0,225153.0,329380.0
2023-12-15,1477,1621149,569559564,354.0,354.5,348.0,351.5,-1.5,1368,1967287.0,-12178.0,-73200.0,-292029.0,19000.0
2023-12-18,1477,1053196,370379877,349.5,354.5,349.5,351.0,-0.5,1043,984759.0,-3438.0,-13637.0,-105000.0,-244000.0
2023-12-19,1477,921207,322453056,349.0,353.0,346.5,350.0,-1.0,867,1032833.0,-3763.0,-11000.0,-28396.0,-286000.0
2023-12-20,1477,2417058,857114650,353.0,359.0,350.5,351.0,1.0,2197,2349613.0,-73433.0,5449.0,81002.0,-318862.0
2023-12-21,1477,1887644,654333881,349.0,351.0,344.0,345.0,-6.0,1623,1734740.0,-13766.0,84000.0,-49100.0,-667000.0
2023-12-22,1477,2867711,974153212,346.0,346.0,337.5,338.0,-7.0,2765,2966447.0,-4152.0,530827.0,-499860.0,-814624.0
2023-12-25,1477,1164259,392118018,337.5,341.0,334.5,335.0,-3.0,1470,1308993.0,6779.0,34066.0,193001.0,-439812.0
2023-12-26,1477,1057492,363766392,336.5,347.5,334.5,346.0,11.0,1254,1153355.0,-20483.0,-24800.0,-87000.0,63978.0
2023-12-27,1477,1631699,562884301,344.0,348.5,341.5,346.5,0.5,1327,2013707.0,-42144.0,16000.0,-855481.0,-50275.0
2023-12-28,1477,1166397,409304387,344.5,352.0,344.5,350.5,4.0,1066,1405279.0,-2919.0,-2600.0,-200860.0,-28617.0
2023-12-29,1477,797161,281488506,349.5,355.0,348.5,354.5,4.0,883,804182.0,-1087.0,-1100.0,-159000.0,16700.0
2024-01-02,1477,1385199,481234102,353.0,354.5,344.5,345.0,-9.5,1405,1227194.0,-12971.0,43958.0,-49960.0,-347000.0
2024-01-03,1477,2715417,945177215,344.5,353.5,344.0,349.0,4.0,2152,2311309.0,65466.0,-4000.0,75000.0,30499.0
2024-01-04,1477,4297787,1530568322,358.0,362.5,351.5,356.5,7.5,3519,3790467.0,16100.0,65000.0,1152376.0,89343.0
2024-01-05,1477,2207364,783817213,358.0,359.0,353.5,354.5,-2.0,1867,2641977.0,17545.0,21000.0,506100.0,-38000.0
2024-01-08,1477,1285707,457706281,355.5,358.0,354.0,358.0,3.5,1165,1600829.0,35603.0,-18000.0,314440.0,114000.0
2024-01-09,1477,2390272,863944432,360.0,365.0,358.0,365.0,7.0,2412,2331792.0,14327.0,-119500.0,897200.0,128000.0
2024-01-10,1477,1345913,492679413,361.0,368.0,361.0,367.0,2.0,1475,1442804.0,39093.0,-32900.0,-105860.0,33000.0
2024-01-11,1477,1973073,734345604,368.5,374.5,365.0,374.5,7.5,2066,1612921.0,28299.0,-49916.0,556300.0,81673.0
2024-01-12,1477,2192311,825409693,375.0,378.5,369.5,378.5,4.0,2450,2395484.0,33457.0,-13692.0,-169220.0,1309.0
2024-01-15,1477,1214928,459744048,380.0,381.0,375.5,377.5,-1.0,1363,1199853.0,56465.0,40001.0,67000.0,-198609.0
2024-01-16,1477,2009302,745763696,376.5,377.0,366.0,366.0,-11.5,2244,2003077.0,179530.0,-15808.0,189000.0,-549936.0
2024-01-17,1477,2929307,1083677132,366.5,373.0,365.0,368.5,2.5,2443,3760160.0,176664.0,-91400.0,-465900.0,52929.0
2024-01-18,1477,7095993,2457621356,354.0,357.0,335.5,341.0,-27.5,6617,6514886.0,67082.0,257716.0,-2861855.0,-779307.0
2024-01-19,1477,2720165,925440545,340.5,343.5,335.5,341.0,0.0,2661,2682653.0,15443.0,65455.0,-1335500.0,-71000.0
2024-01-22,1477,1808845,625523687,343.0,349.5,339.0,347.0,6.0,1778,1526540.0,1515.0,44000.0,26560.0,-57000.0
2024-01-23,1477,1556967,546485173,347.0,353.0,347.0,352.0,5.0,1481,1992183.0,-4625.0,17900.0,139916.0,-503000.0
2024-01-24,1477,1355065,482990241,351.0,360.0,349.0,355.0,3.0,1342,1441136.0,-8344.0,58148.0,-429520.0,-2596.0
2024-01-25,1477,1177501,419653768,354.0,359.0,352.5,355.0,0.0,1092,1405790.0,-2227.0,-17000.0,-466051.0,3000.0
2024-01-26,1477,1843691,643045662,350.5,353.0,345.0,347.5,-7.5,1688,2253231.0,-12585.0,-74480.0,-794575.0,-305000.0
2024-01-29,1477,944800,333734894,347.5,355.0,347.5,355.0,7.5,936,1120307.0,-512.0,-3900.0,-3934.0,-301000.0
2024-01-30,1477,695846,248266849,353.0,359.0,353.0,357.5,2.5,797,781760.0,-18434.0,-25000.0,-51190.0,-28000.0
2024-01-31,1477,849422,307182793,357.5,364.5,357.5,360.0,2.5,1002,754698.0,14335.0,-1800.0,28610.0,-24000.0
2024-02-01,1477,683963,247642924,360.0,364.0,360.0,362.0,2.0,758,888854.0,651.0,36000.0,-399790.0,-23000.0
2024-02-02,1477,824538,301278264,362.5,367.0,361.0,367.0,5.0,946,866929.0,-21011.0,11500.0,-74100.0,11769.0
2024-02-05,1477,1440422,523222380,365.0,366.0,359.0,364.0,-3.0,1596,1554565.0,569.0,-22761.0,-358000.0,-19000.0
2024-02-15,1477,1430705,521554094,367.0,372.0,359.0,364.5,0.5,1524,1491257.0,-32458.0,-6731.0,-80069.0,58237.0
2024-02-16,1477,953747,347084514,366.0,367.0,361.5,363.0,-1.5,1112,1022585.0,-13733.0,-33146.0,-137000.0,-170824.0
2024-02-19,1477,758709,277489231,363.5,369.0,361.5,369.0,6.0,900,809321.0,-17120.0,-31112.0,48000.0,-57000.0
2024-02-20,1477,1939769,731670683,371.0,382.0,370.0,378.5,9.5,2155,1429014.0,-19133.0,-5098.0,476000.0,-119754.0
2024-02-21,1477,1543229,576468871,373.5,377.0,368.0,374.5,-4.0,1566,1413020.0,-57684.0,76100.0,-191241.0,-197000.0
2024-02-22,1477,1099312,414854966,375.0,380.5,374.0,376.0,1.5,1034,916988.0,-30719.0,78948.0,-187860.0,-38401.0
2024-02-23,1477,902205,338821803,375.5,378.5,373.0,373.5,-2.5,1043,1064470.0,-22598.0,5000.0,-321097.0,-71798.0
2024-02-26,1477,564107,210822276,372.0,377.5,371.5,373.0,-0.5,691,647549.0,-560.0,-8000.0,22000.0,-70000.0
2024-02-27,1477,941893,351975421,375.0,380.0,370.5,373.0,0.0,1001,1065783.0,-176.0,300.0,112420.0,-228000.0
2024-02-29,1477,1449626,536726698,373.0,374.5,366.5,371.5,-1.5,1398,1355779.0,-2895.0,37143.0,-264655.0,-235558.0
2024-03-01,1477,874254,326769600,372.5,378.5,371.5,373.5,2.0,883,743051.0,-4508.0,34209.0,-42000.0,-113000.0
2024-03-04,1477,1100635,409387782,373.5,375.0,370.0,370.5,-3.0,1091,1366801.0,-21827.0,110100.0,-505000.0,-82352.0
2024-03-05,1477,762994,282736934,371.0,374.5,369.0,369.0,-1.5,809,792212.0,-11430.0,70098.0,-47200.0,-196522.0
2024-03-06,1477,1474179,538816005,369.0,369.0,363.0,363.0,-6.0,1670,1601164.0,6637.0,104902.0,-395488.0,-362000.0
2024-03-07,1477,802099,292438818,363.5,367.5,362.5,363.5,0.5,827,693325.0,-20566.0,-86000.0,47754.0,-124336.0
2024-03-08,1477,1522235,555844584,363.5,368.5,363.0,365.5,2.0,1365,1513396.0,-21493.0,-59600.0,-271390.0,-102000.0
2024-03-11,1477,602886,221403259,365.0,370.5,365.0,365.5,0.0,681,651371.0,-21357.0,-20000.0,146000.0,-193000.0
2024-03-12,1477,1124660,413661422,366.0,371.0,364.5,371.0,5.5,1083,1389990.0,-14369.0,-69000.0,34000.0,-315000.0
2024-03-13,1477,1354889,506457566,370.5,377.0,367.5,375.0,4.0,1448,1442287.0,-35023.0,-14984.0,-152480.0,29000.0
2024-03-14,1477,5876517,2331930270,379.5,403.0,379.5,397.5,22.5,5815,3616917.0,24576.0,181585.0,-204449.0,882763.0
2024-03-15,1477,3207646,1282427687,403.0,406.0,393.0,401.0,3.5,3418,2545267.0,-39952.0,35049.0,-516030.0,-50000.0
2024-03-18,1477,2164978,847740138,397.0,400.0,386.0,395.0,-6.0,3081,1888131.0,-20687.0,136082.0,-751100.0,-34000.0
2024-03-19,1477,1334463,534604186,394.0,403.0,393.5,402.5,7.5,1662,1065900.0,3944.0,-32100.0,25900.0,90000.0
2024-03-20,1477,1706319,691171280,402.0,407.5,402.0,405.0,2.5,1859,1848495.0,-35959.0,33441.0,-243767.0,25854.0
2024-03-21,1477,1582208,645487831,407.0,412.0,404.0,407.0,2.0,1924,1660230.0,-13055.0,85819.0,-661939.0,39143.0
2024-03-22,1477,2021803,808014283,407.0,407.0,394.5,400.0,-7.0,2401,2071336.0,-28580.0,70597.0,-559110.0,-22000.0
2024-03-25,1477,1088799,436259356,399.5,404.0,397.5,400.0,0.0,1098,1456389.0,-2998.0,46686.0,-336000.0,-8000.0
2024-03-26,1477,1544232,618334720,399.0,403.0,398.5,400.0,0.0,1174,2129353.0,-201187.0,16000.0,-447250.0,3951.0
2024-03-27,1477,2283066,900391893,401.0,401.0,389.0,397.0,-3.0,2402,2428349.0,-311367.0,266346.0,-558412.0,-95000.0
2024-03-28,1477,6818190,2477245153,370.0,372.0,360.0,365.5,0.0,6644,6505311.0,491701.0,-675280.0,-288329.0,46000.0
2024-03-29,1477,3358731,1232701755,364.0,372.5,363.0,371.5,6.0,2218,4234537.0,34910.0,223891.0,1374950.0,26000.0
2024-04-01,1477,1998302,749042410,371.0,377.5,371.0,374.5,3.0,1886,2793595.0,-898.0,5923.0,265280.0,20000.0
2024-04-02,1477,1835126,691779098,374.5,379.0,374.5,378.5,4.0,1703,2032651.0,-6220.0,-41335.0,642570.0,26000.0
2024-04-03,1477,1284980,483449498,378.5,380.0,374.5,374.5,-4.0,1230,1827501.0,-2031.0,-48860.0,17421.0,-16732.0
2024-04-08,1477,1529071,573134093,375.0,382.0,368.5,368.5,-6.0,1882,1352981.0,1247.0,22556.0,-264602.0,0.0
2024-04-09,1477,1686288,630191404,371.5,378.0,366.0,376.0,7.5,1497,1391605.0,36455.0,68100.0,-303646.0,20000.0
2024-04-10,1477,2939680,1132344121,377.0,389.5,376.0,387.5,11.5,2484,3106672.0,31654.0,-48143.0,1416445.0,18683.0
2024-04-11,1477,1210449,465903803,387.0,387.0,382.0,385.0,-2.5,1184,1124720.0,-21638.0,-20651.0,-270720.0,-34000.0
2024-04-12,1477,1414703,549396504,385.0,395.0,384.5,384.5,-0.5,1625,1421543.0,9016.0,38800.0,-50000.0,43365.0
2024-04-15,1477,707762,268754181,380.0,383.0,377.0,379.5,-5.0,905,718549.0,75436.0,-118000.0,-10136.0,10000.0
2024-04-16,1477,1140310,421256147,375.5,375.5,366.5,368.0,-11.5,1611,1117530.0,116112.0,-141220.0,-267510.0,-13000.0
2024-04-17,1477,1165107,437959458,370.0,381.0,370.0,372.5,4.5,1233,1224870.0,103177.0,-162243.0,227983.0,-150000.0
2024-04-18,1477,953012,358787361,373.0,380.5,373.0,376.0,3.5,907,750689.0,76518.0,-20970.0,-25720.0,56097.0
2024-04-19,1477,2586142,973818070,372.0,381.5,367.0,380.5,4.5,2423,2815199.0,90518.0,-85310.0,242280.0,202000.0
2024-04-22,1477,3128323,1213437248,382.5,394.0,380.5,387.0,6.5,2942,2570205.0,48242.0,-37427.0,958000.0,358000.0
2024-04-23,1477,1899960,742248706,389.5,395.5,387.5,388.0,1.0,1823,2078444.0,18767.0,-101615.0,430000.0,373000.0
2024-04-24,1477,1489329,580628323,392.0,392.5,387.0,392.0,4.0,1443,1905630.0,10533.0,79915.0,686648.0,-25000.0
2024-04-25,1477,2626620,1037314917,391.5,401.0,389.0,389.5,-2.5,2520,2389382.0,45035.0,67740.0,872999.0,9000.0
2024-04-26,1477,1210720,475585958,389.5,395.5,387.5,394.0,4.5,1101,1483147.0,2249.0,-4870.0,376901.0,70000.0
2024-04-29,1477,1686142,671753817,398.0,403.5,394.0,398.5,4.5,2027,1977051.0,13489.0,-153197.0,634366.0,67000.0
2024-04-30,1477,1430514,562330649,394.0,398.0,391.0,392.0,-6.5,1226,1634055.0,-1284.0,13929.0,-783931.0,285000.0
2024-05-02,1477,615270,241037090,390.0,395.0,389.0,394.0,2.0,714,738272.0,1124.0,-165895.0,-22480.0,12000.0
2024-05-03,1477,1968275,762203713,394.5,395.0,383.0,385.0,-9.0,2537,2204897.0,-39342.0,97476.0,-796274.0,-156000.0
2024-05-06,1477,1528753,590511598,390.0,393.0,382.0,387.0,2.0,1418,1283164.0,-3328.0,-50185.0,-83984.0,115000.0
2024-05-07,1477,1017984,392032396,387.0,389.0,382.0,388.0,1.0,1074,1286640.0,-423.0,1406.0,172940.0,44000.0
2024-05-08,1477,2130269,816629787,390.5,391.5,378.0,388.0,0.0,2171,2150900.0,759.0,48138.0,71102.0,-177000.0
2024-05-09,1477,1007439,391205095,388.0,392.5,385.5,387.5,-0.5,1008,1108676.0,-782.0,-58832.0,424800.0,19000.0
2024-05-10,1477,1248187,476234911,387.5,387.5,379.5,380.0,-7.5,1356,1348014.0,8707.0,6883.0,-170000.0,31467.0
2024-05-13,1477,799739,306728565,382.5,387.5,377.5,382.0,2.0,908,644617.0,3608.0,-8910.0,199350.0,36435.0
2024-05-14,1477,607887,234233863,384.5,387.5,380.5,387.5,5.5,621,705431.0,-1574.0,-10500.0,-38000.0,4000.0
2024-05-15,1477,2815016,1056846190,385.5,386.0,371.0,373.5,-14.0,3751,2843867.0,-15107.0,-85576.0,-575911.0,-377475.0
2024-05-16,1477,1998936,744992950,377.0,380.0,370.0,372.0,-1.5,2075,2480684.0,-3333.0,-59402.0,764911.0,-872000.0
2024-05-17,1477,701605,261118768,373.0,375.0,370.0,372.5,0.5,873,816196.0,-540.0,300.0,-196000.0,-51000.0
2024-05-20,1477,750216,276641293,373.0,373.0,366.0,366.5,-6.0,1321,683578.0,-1552.0,-25744.0,-91430.0,-106975.0
2024-05-21,1477,1013957,369328117,365.0,370.5,361.0,361.5,-5.0,1656,1017458.0,-2509.0,7759.0,18365.0,-20317.0
2024-05-22,1477,1322675,480605326,362.5,366.0,361.0,363.0,1.5,1420,1451081.0,-16645.0,-56660.0,-240000.0,-48952.0
2024-05-23,1477,1272356,470142244,362.0,372.0,362.0,367.5,4.5,1306,1266671.0,1273.0,-37106.0,-498000.0,7000.0
2024-05-24,1477,808691,299614892,369.5,374.0,365.5,371.0,3.5,884,667956.0,1898.0,-13000.0,-140231.0,220024.0
2024-05-27,1477,842535,316473670,376.0,378.0,370.0,375.0,4.0,1017,899849.0,6783.0,7800.0,-139515.0,181000.0
2024-05-28,1477,714663,270544824,375.0,381.5,373.0,377.0,2.0,949,740315.0,3538.0,-26001.0,32030.0,152000.0
2024-05-29,1477,831251,316878041,379.5,383.5,378.0,378.5,1.5,923,792608.0,-5348.0,-48495.0,-29887.0,111000.0
2024-05-30,1477,899391,343781319,378.5,386.0,377.0,382.0,3.5,879,690839.0,-635.0,7300.0,132000.0,-67000.0
2024-05-31,1477,1616628,622693040,384.5,388.0,381.0,385.0,3.0,1346,1619905.0,-9395.0,72507.0,98644.0,-71000.0
2024-06-03,1477,999352,385523468,388.0,388.5,384.5,387.0,2.0,956,1003951.0,-780.0,13000.0,309000.0,7000.0
2024-06-04,1477,4609783,1835270365,385.5,403.0,384.0,394.5,7.5,3926,3846896.0,26503.0,-24796.0,2016398.0,225000.0
2024-06-05,1477,2280862,900068821,395.5,400.0,391.0,394.5,0.0,2005,2154735.0,-10285.0,-12963.0,798000.0,246000.0
2024-06-06,1477,2115838,843232564,395.0,402.0,393.0,400.0,5.5,1870,2101814.0,4270.0,-900.0,944000.0,354317.0
2024-06-07,1477,1268723,504205887,399.0,400.0,393.5,398.5,-1.5,1218,1480770.0,-10034.0,-37200.0,303000.0,141658.0
2024-06-11,1477,1264046,505037669,398.5,402.5,396.5,399.5,1.0,1276,1333654.0,9555.0,-68000.0,534610.0,207000.0
2024-06-12,1477,622783,246444322,399.5,400.5,393.5,395.0,-4.5,833,726835.0,-16263.0,-63117.0,-20945.0,98317.0
2024-06-13,1477,1656499,642501802,392.0,396.5,384.0,387.5,-7.5,2816,1441173.0,-10894.0,-97995.0,278877.0,37976.0
2024-06-14,1477,845303,325503538,386.0,388.0,383.5,383.5,-4.0,1094,668579.0,3889.0,-52976.0,-150812.0,123953.0
2024-06-17,1477,862366,331908786,384.5,388.5,382.5,383.0,-0.5,937,686197.0,9075.0,-22690.0,-62666.0,-33949.0
2024-06-18,1477,630872,241832899,383.0,386.0,381.0,381.5,-1.5,750,560427.0,-1734.0,-5069.0,-182058.0,108683.0
2024-06-19,1477,1160970,451923498,382.0,393.0,382.0,390.0,8.5,1248,1486502.0,-7459.0,-98200.0,-103000.0,461712.0
2024-06-20,1477,801321,310360994,391.0,395.0,383.5,387.0,-3.0,944,865528.0,7671.0,35631.0,-120000.0,151618.0
2024-06-21,1477,933520,363495307,389.5,393.5,383.5,391.0,4.0,771,1141009.0,-2869.0,-46002.0,-148339.0,242367.0
2024-06-24,1477,1258305,499189114,392.0,399.5,388.5,398.5,7.5,1388,1192902.0,2133.0,-15000.0,101460.0,286672.0
2024-06-25,1477,2194504,877468055,400.0,408.0,394.0,398.5,0.0,2192,2050331.0,9629.0,-26100.0,615000.0,152623.0
2024-06-26,1477,1307663,521791477,400.0,403.5,394.0,401.5,3.0,1354,1193946.0,-3189.0,-9880.0,75579.0,199623.0
2024-06-27,1477,703136,281882876,400.0,404.0,398.0,400.0,-1.5,882,765004.0,8230.0,-3600.0,-109000.0,-21189.0
2024-06-28,1477,6377036,2654958894,408.0,426.5,405.0,421.0,21.0,5303,5222495.0,180228.0,78875.0,365284.0,99434.0
2024-07-01,1477,3112445,1331752341,427.0,434.0,417.5,432.0,11.0,3077,2139800.0,49400.0,160700.0,-498579.0,293811.0
2024-07-02,1477,3439639,1478939600,433.5,436.5,424.5,429.5,-2.5,2903,3264658.0,12422.0,-27608.0,280505.0,612246.0
2024-07-03,1477,5963871,2594763967,437.5,452.0,422.0,423.0,-6.5,5194,3371519.0,19901.0,70633.0,-549000.0,-38407.0
2024-07-04,1477,2877651,1206279765,425.0,429.0,416.0,422.0,-1.0,2686,2535226.0,6791.0,-26157.0,280985.0,245000.0
2024-07-05,1477,1477982,622304131,423.0,425.0,417.0,424.0,2.0,1485,1622769.0,37956.0,15468.0,490620.0,-75000.0
2024-07-08,1477,1582427,661524606,423.0,425.5,415.0,418.5,-5.5,1893,1482120.0,23127.0,-412.0,-139353.0,-203492.0
2024-07-09,1477,1212348,505527785,415.5,423.0,414.5,414.5,-4.0,1318,1410380.0,38875.0,-4806.0,-51897.0,163000.0
2024-07-10,1477,941146,392117022,415.5,419.0,413.0,418.5,4.0,935,1297023.0,12999.0,-45203.0,11000.0,10000.0
2024-07-11,1477,1401828,594167444,419.5,427.0,418.0,423.0,4.5,1201,1393052.0,24763.0,-77.0,-241808.0,93000.0
2024-07-12,1477,2795193,1223067789,427.0,442.0,426.0,438.5,15.5,2710,2598737.0,83075.0,-12588.0,-5950.0,486000.0
2024-07-15,1477,4109639,1841367919,439.0,456.0,436.0,453.5,15.0,3956,4145714.0,88159.0,14089.0,-1006500.0,1437000.0
2024-07-16,1477,3046913,1388908529,453.5,460.5,446.0,454.0,0.5,2754,2618174.0,32809.0,-11202.0,-476603.0,648000.0
2024-07-17,1477,1843806,825397439,457.5,458.0,443.0,444.0,-10.0,1944,1640025.0,32529.0,-42210.0,-531880.0,206000.0
2024-07-18,1477,1652543,745206244,449.0,454.5,443.0,450.0,6.0,1464,1078403.0,63259.0,-19789.0,-170067.0,279000.0
2024-07-19,1477,3360962,1545100029,450.0,467.0,449.5,466.0,16.0,3411,3287529.0,103195.0,-38582.0,-36610.0,67000.0
2024-07-22,1477,2772626,1244512150,458.5,467.5,436.0,438.0,-28.0,2893,2358626.0,10920.0,77726.0,198350.0,81653.0
2024-07-23,1477,2926248,1310881635,451.5,456.5,439.0,449.0,11.0,2510,3007643.0,53627.0,-3430.0,-191950.0,402000.0
2024-07-26,1477,1533891,679235565,431.0,448.5,430.5,447.0,-2.0,1630,1331887.0,59627.0,3700.0,-194038.0,243000.0
2024-07-29,1477,1989567,888747348,449.0,450.5,439.5,445.5,-1.5,1903,1584184.0,13811.0,-93615.0,-39384.0,781000.0
2024-07-30,1477,1424965,630555937,441.0,448.0,439.0,445.0,-0.5,1446,1138769.0,-31271.0,-14123.0,11688.0,190000.0
2024-07-31,1477,865092,384844501,442.0,450.0,441.0,447.0,2.0,826,776150.0,4908.0,12721.0,54573.0,82000.0
2024-08-01,1477,1315552,595431236,448.0,457.0,447.5,449.5,2.5,1198,1204610.0,14490.0,-95834.0,84296.0,309000.0
2024-08-02,1477,2586566,1106385944,447.0,447.0,417.0,424.0,-25.5,2737,2568380.0,28343.0,-33857.0,863306.0,50000.0
2024-08-05,1477,1270432,488462773,398.0,398.0,382.0,382.0,-42.0,1685,1585399.0,39967.0,-27167.0,-476477.0,126000.0
2024-08-06,1477,6380460,2260413987,368.5,379.5,344.0,353.5,-28.5,5847,5899241.0,18746.0,-266902.0,-983098.0,77022.0
2024-08-07,1477,3017575,1109977056,365.0,374.0,364.0,366.5,13.0,2838,2798735.0,7397.0,-39801.0,-498374.0,-7398.0
2024-08-08,1477,2330806,859441255,364.0,375.0,362.5,366.5,0.0,2128,2746043.0,13935.0,35489.0,-1155274.0,25801.0
2024-08-09,1477,2302332,863673334,371.0,380.5,368.5,368.5,2.0,2309,2450081.0,-4432.0,-110212.0,-560719.0,14801.0
2024-08-12,1477,3303527,1209755296,369.0,375.0,362.5,366.5,-2.0,3354,3859172.0,629.0,13795.0,843000.0,-1127394.0
2024-08-13,1477,2234477,820662129,368.0,373.0,362.5,370.0,3.5,2047,2456242.0,5225.0,6026.0,-532000.0,-474984.0
2024-08-14,1477,1538002,581385207,373.0,381.0,370.0,378.0,8.0,1576,1789333.0,6033.0,-16092.0,-641705.0,-62000.0
2024-08-15,1477,1944552,728366594,380.0,382.0,372.0,373.0,-5.0,1919,1795942.0,1198.0,40942.0,-619983.0,-625199.0
2024-08-16,1477,2007459,764507071,376.0,384.0,374.0,382.0,9.0,1850,2089731.0,21050.0,-10355.0,-99079.0,-15992.0
2024-08-19,1477,1747176,685577262,385.0,397.0,384.0,390.0,8.0,1941,2111902.0,-2630.0,11577.0,-653835.0,105257.0
2024-08-20,1477,963638,375499920,392.0,392.5,386.5,386.5,-3.5,1162,1180434.0,-4270.0,-32000.0,-555964.0,-12843.0
2024-08-21,1477,1250091,491556703,383.0,398.0,383.0,390.5,4.0,1294,1247040.0,18819.0,-105000.0,-397018.0,44869.0
2024-08-22,1477,1527090,591839019,391.0,392.5,383.5,390.0,-0.5,1640,1929949.0,-4804.0,11197.0,-539536.0,11576.0
2024-08-23,1477,1489251,578419793,387.0,391.5,386.0,390.0,0.0,937,1301208.0,7941.0,-51072.0,-400000.0,146000.0
2024-08-26,1477,1736435,670341795,390.5,394.5,382.0,383.5,-6.5,1879,1930869.0,-728.0,-12807.0,-255696.0,11000.0
2024-08-27,1477,1793951,689273294,382.5,389.5,377.5,389.0,5.5,1447,1754222.0,12072.0,-12572.0,-712600.0,314000.0
2024-08-28,1477,1278333,493386144,386.5,389.0,383.0,388.0,-1.0,1315,1709131.0,1264.0,-28721.0,-691450.0,26000.0
2024-08-29,1477,621549,239878936,388.0,388.5,383.0,385.0,-3.0,678,748662.0,-5750.0,-10000.0,-214713.0,35000.0
2024-08-30,1477,1515846,581502789,385.0,386.5,382.0,383.5,-1.5,1410,1926111.0,311.0,-15136.0,-608704.0,-54000.0
2024-09-02,1477,1321578,509983398,383.5,391.5,383.5,386.0,2.5,1056,1852557.0,166.0,6000.0,333594.0,-220000.0
2024-09-03,1477,1589018,610221283,386.0,386.0,381.0,384.0,-2.0,926,1590379.0,1238.0,-19520.0,-490503.0,-96000.0
2024-09-04,1477,3544591,1367850703,384.0,390.5,378.5,385.0,1.0,3311,2895447.0,88236.0,27768.0,377073.0,21613.0
2024-09-05,1477,2726717,1080457805,391.0,403.0,389.0,394.0,9.0,2870,1998958.0,17728.0,-14263.0,78000.0,233443.0
2024-09-06,1477,1623710,639328912,395.0,398.5,390.5,394.0,0.0,1686,1641087.0,18621.0,8000.0,-236595.0,59778.0
2024-09-09,1477,1778010,684913874,389.0,389.0,381.5,385.0,-9.0,1944,1862691.0,26202.0,13966.0,-653747.0,80852.0
2024-09-10,1477,1332086,514793551,387.5,396.0,383.0,383.5,-1.5,1529,1195377.0,30809.0,-26101.0,-359243.0,103924.0
2024-09-11,1477,1424545,543073005,385.0,386.0,377.5,379.0,-4.5,1591,1603127.0,18365.0,-12737.0,-697748.0,220319.0
2024-09-12,1477,1180508,437133456,377.0,377.0,365.5,372.5,0.0,1567,816383.0,-9013.0,-29194.0,-294779.0,-39000.0
2024-09-13,1477,1752446,643083046,373.0,378.0,360.0,362.0,-10.5,2427,1640269.0,40660.0,3983.0,-371280.0,-254000.0
2024-09-16,1477,1975240,719354683,364.0,367.0,361.0,366.5,4.5,1868,2211275.0,13019.0,-32434.0,58228.0,-419000.0
2024-09-18,1477,993176,364638707,367.5,370.5,365.0,365.0,-1.5,1182,912638.0,-38514.0,-3019.0,214328.0,-248000.0
2024-09-19,1477,1187154,439614598,365.0,372.5,365.0,371.0,6.0,1162,920209.0,8294.0,-3300.0,243000.0,-121000.0
2024-09-20,1477,2413907,897165640,372.5,374.0,368.0,373.5,2.5,1887,2444422.0,8460.0,17982.0,166828.0,-537000.0
2024-09-23,1477,1573701,593230648,372.5,380.0,372.5,376.0,2.5,1233,1782654.0,3699.0,-28550.0,699020.0,-367000.0
2024-09-24,1477,1626400,611314786,381.0,381.0,373.0,373.0,-3.0,1331,1758909.0,4414.0,41661.0,-119014.0,-140000.0
2024-09-25,1477,2885916,1064924614,367.0,373.0,366.5,366.5,-6.5,2694,3133595.0,8032.0,42300.0,-229531.0,-352000.0
2024-09-26,1477,3898965,1393183586,367.0,370.0,350.5,352.5,-14.0,4865,4008134.0,8237.0,53526.0,-422800.0,-914945.0
2024-09-27,1477,3525747,1239604085,355.0,356.0,347.0,352.0,-0.5,3596,3421027.0,4898.0,81513.0,567700.0,-955000.0
2024-09-30,1477,1957948,690410166,352.0,358.5,347.5,349.0,-3.0,2126,2311626.0,24051.0,8311.0,-640053.0,-3839.0
2024-10-01,1477,3017149,1081380927,350.5,362.5,350.5,361.0,12.0,2507,3487076.0,72306.0,-32579.0,332379.0,279000.0
2024-10-04,1477,2034298,739616987,358.5,366.5,358.5,363.0,2.0,1721,2497593.0,86401.0,13819.0,-286000.0,185000.0
2024-10-07,1477,2055203,735858508,363.0,367.5,354.0,358.5,-4.5,2458,2218594.0,39939.0,121501.0,-927958.0,35832.0
2024-10-08,1477,1961689,699113993,359.0,359.5,353.0,359.5,1.0,1958,2484249.0,54003.0,25948.0,-337821.0,-117000.0
2024-10-09,1477,1542456,562676521,359.5,367.0,357.0,367.0,7.5,1530,1660724.0,27182.0,-80000.0,-144400.0,208744.0
2024-10-11,1477,745349,270633931,367.0,367.5,360.0,360.0,-7.0,998,655150.0,22142.0,16391.0,-309360.0,7693.0
2024-10-14,1477,808330,296609069,359.5,369.0,359.5,369.0,9.0,868,812139.0,43200.0,-13900.0,40000.0,-1358.0
2024-10-15,1477,700780,258366692,369.0,371.0,366.0,370.0,1.0,846,846965.0,11274.0,-14000.0,-95200.0,59847.0
2024-10-16,1477,1861463,679644622,370.0,370.0,362.0,366.0,-4.0,1537,2320301.0,122174.0,72600.0,-644136.0,-13851.0
2024-10-17,1477,893100,323897069,367.5,367.5,361.0,361.5,-4.5,1028,1011986.0,67278.0,9200.0,-449829.0,-30102.0
2024-10-18,1477,531489,194182913,364.0,367.5,362.0,366.0,4.5,810,442870.0,8864.0,11780.0,31248.0,-14000.0
2024-10-21,1477,1195822,434836299,366.0,367.0,361.0,364.0,-2.0,1472,1127204.0,2620.0,540.0,-371621.0,-155549.0
2024-10-22,1477,3644676,1270522240,364.0,365.0,343.0,347.0,-17.0,5615,2623338.0,-8021.0,77788.0,-1151790.0,-413084.0
2024-10-23,1477,2078565,722029607,346.0,350.5,343.0,348.5,1.5,2266,2216469.0,31436.0,-40030.0,-512976.0,116520.0
2024-10-24,1477,1388571,484876633,349.5,352.0,347.0,349.5,1.0,1516,1835881.0,57317.0,-56664.0,-184366.0,-6351.0
2024-10-25,1477,755539,263761195,350.0,351.5,345.5,349.5,0.0,790,886521.0,9957.0,-17000.0,14593.0,-137820.0
2024-10-28,1477,1092375,378626793,350.0,350.5,344.0,344.0,-5.5,1245,1107826.0,18034.0,8000.0,-81535.0,-181000.0
2024-10-29,1477,933071,318929928,344.0,345.0,339.5,343.0,-1.0,1311,1069507.0,61434.0,-89009.0,94278.0,-49100.0
2024-10-30,1477,1004651,346162261,345.0,347.5,340.0,347.5,4.5,1075,1111722.0,27666.0,-16000.0,157200.0,-112040.0
2024-11-01,1477,5971713,1896686883,332.5,333.0,313.0,314.0,-33.5,7906,4346168.0,53554.0,395194.0,-2407002.0,-122420.0
2024-11-04,1477,2697256,879107718,314.5,332.0,314.5,329.0,15.0,2795,2409888.0,18599.0,-32000.0,382997.0,194000.0
2024-11-05,1477,2207416,726324887,325.5,331.5,323.5,327.0,-2.0,2816,2318338.0,3646.0,-26000.0,-1019620.0,-24540.0
2024-11-06,1477,1819571,597064436,327.0,333.0,325.5,327.5,0.5,1680,2213667.0,4817.0,37000.0,152960.0,-580000.0
2024-11-07,1477,2568002,879261933,330.0,351.0,328.0,345.0,17.5,3003,2071042.0,15165.0,5000.0,-46020.0,197000.0
2024-11-08,1477,1582271,537605369,343.0,345.5,337.5,339.5,-5.5,1977,1160839.0,-11957.0,32000.0,-513905.0,-49300.0
2024-11-11,1477,908703,311701142,338.5,347.5,336.5,344.0,4.5,1095,1160868.0,25539.0,-37000.0,232560.0,92000.0
2024-11-12,1477,849050,287703011,342.0,342.0,335.5,335.5,-8.5,1192,982433.0,74985.0,-4700.0,-411000.0,-22220.0
